{
  "prompt_ids": [
    3,
    5,
    8,
    13,
    21,
    34,
    55,
    1,
    2,
    4,
    6,
    7,
    9,
    11,
    15,
    18,
    20,
    22,
    24,
    26,
    28,
    30,
    32,
    36,
    40,
    44,
    48,
    52,
    56,
    60,
    12,
    14,
    16,
    17,
    19,
    23,
    25,
    27,
    29,
    31,
    33,
    35,
    37,
    38,
    39,
    41,
    42,
    43
  ],
  "max_new_tokens": 4,
  "kv_quant_seed": 7,
  "baseline_variant": "fp32",
  "variants": {
    "fp32": {
      "kv_cache_precision": "fp32",
      "kv_rotation_mode": "qr",
      "kv_hot_window": 4,
      "kv_calibration_tokens": 128,
      "prompt_perplexity": 67.38333728016835,
      "total_time_s": 8.492827099980786,
      "avg_step_ms": 163.1133326915845,
      "kv_cache_bytes": 53248,
      "generated_ids": [
        3,
        5,
        8,
        13,
        21,
        34,
        55,
        1,
        2,
        4,
        6,
        7,
        9,
        11,
        15,
        18,
        20,
        22,
        24,
        26,
        28,
        30,
        32,
        36,
        40,
        44,
        48,
        52,
        56,
        60,
        12,
        14,
        16,
        17,
        19,
        23,
        25,
        27,
        29,
        31,
        33,
        35,
        37,
        38,
        39,
        41,
        42,
        43,
        43,
        43,
        28,
        28
      ],
      "cache_lengths": [
        52,
        52,
        52,
        52
      ],
      "kv_layer_modes": null,
      "kv_kurtosis_profile": null,
      "logit_comparison_vs_baseline": null,
      "generated_match_vs_baseline": true
    },
    "turbo-int8-qr": {
      "kv_cache_precision": "turbo-int8",
      "kv_rotation_mode": "qr",
      "kv_hot_window": 4,
      "kv_calibration_tokens": 128,
      "prompt_perplexity": 67.38229713644131,
      "total_time_s": 8.902146600012202,
      "avg_step_ms": 171.0357596166432,
      "kv_cache_bytes": 19456,
      "generated_ids": [
        3,
        5,
        8,
        13,
        21,
        34,
        55,
        1,
        2,
        4,
        6,
        7,
        9,
        11,
        15,
        18,
        20,
        22,
        24,
        26,
        28,
        30,
        32,
        36,
        40,
        44,
        48,
        52,
        56,
        60,
        12,
        14,
        16,
        17,
        19,
        23,
        25,
        27,
        29,
        31,
        33,
        35,
        37,
        38,
        39,
        41,
        42,
        43,
        43,
        43,
        28,
        28
      ],
      "cache_lengths": [
        52,
        52,
        52,
        52
      ],
      "kv_layer_modes": null,
      "kv_kurtosis_profile": null,
      "logit_comparison_vs_baseline": {
        "max_abs_err": 0.00014188140630722046,
        "mean_abs_err": 4.394762800075114e-05,
        "cosine_similarity": 0.9999998807907104
      },
      "generated_match_vs_baseline": true
    },
    "turbo-int8-hadamard": {
      "kv_cache_precision": "turbo-int8",
      "kv_rotation_mode": "hadamard",
      "kv_hot_window": 4,
      "kv_calibration_tokens": 128,
      "prompt_perplexity": 67.38282489714085,
      "total_time_s": 8.770247200038284,
      "avg_step_ms": 168.47335384898963,
      "kv_cache_bytes": 19456,
      "generated_ids": [
        3,
        5,
        8,
        13,
        21,
        34,
        55,
        1,
        2,
        4,
        6,
        7,
        9,
        11,
        15,
        18,
        20,
        22,
        24,
        26,
        28,
        30,
        32,
        36,
        40,
        44,
        48,
        52,
        56,
        60,
        12,
        14,
        16,
        17,
        19,
        23,
        25,
        27,
        29,
        31,
        33,
        35,
        37,
        38,
        39,
        41,
        42,
        43,
        43,
        43,
        28,
        28
      ],
      "cache_lengths": [
        52,
        52,
        52,
        52
      ],
      "kv_layer_modes": null,
      "kv_kurtosis_profile": null,
      "logit_comparison_vs_baseline": {
        "max_abs_err": 0.00010953843593597412,
        "mean_abs_err": 4.021747736260295e-05,
        "cosine_similarity": 0.9999998807907104
      },
      "generated_match_vs_baseline": true
    },
    "turbo-4bit": {
      "kv_cache_precision": "turbo-4bit",
      "kv_rotation_mode": "hadamard",
      "kv_hot_window": 4,
      "kv_calibration_tokens": 128,
      "prompt_perplexity": 67.35415133179657,
      "total_time_s": 9.310984599986114,
      "avg_step_ms": 178.8829096140734,
      "kv_cache_bytes": 13312,
      "generated_ids": [
        3,
        5,
        8,
        13,
        21,
        34,
        55,
        1,
        2,
        4,
        6,
        7,
        9,
        11,
        15,
        18,
        20,
        22,
        24,
        26,
        28,
        30,
        32,
        36,
        40,
        44,
        48,
        52,
        56,
        60,
        12,
        14,
        16,
        17,
        19,
        23,
        25,
        27,
        29,
        31,
        33,
        35,
        37,
        38,
        39,
        41,
        42,
        43,
        43,
        36,
        36,
        36
      ],
      "cache_lengths": [
        52,
        52,
        52,
        52
      ],
      "kv_layer_modes": null,
      "kv_kurtosis_profile": null,
      "logit_comparison_vs_baseline": {
        "max_abs_err": 0.38624101877212524,
        "mean_abs_err": 0.07573187351226807,
        "cosine_similarity": 0.6519937515258789
      },
      "generated_match_vs_baseline": false
    },
    "adaptive": {
      "kv_cache_precision": "adaptive",
      "kv_rotation_mode": "hadamard",
      "kv_hot_window": 4,
      "kv_calibration_tokens": 32,
      "prompt_perplexity": 67.38361654594055,
      "total_time_s": 8.966252200014424,
      "avg_step_ms": 172.20666538700104,
      "kv_cache_bytes": 19456,
      "generated_ids": [
        3,
        5,
        8,
        13,
        21,
        34,
        55,
        1,
        2,
        4,
        6,
        7,
        9,
        11,
        15,
        18,
        20,
        22,
        24,
        26,
        28,
        30,
        32,
        36,
        40,
        44,
        48,
        52,
        56,
        60,
        12,
        14,
        16,
        17,
        19,
        23,
        25,
        27,
        29,
        31,
        33,
        35,
        37,
        38,
        39,
        41,
        42,
        43,
        43,
        43,
        28,
        28
      ],
      "cache_lengths": [
        52,
        52,
        52,
        52
      ],
      "kv_layer_modes": [
        "turbo-int8",
        "turbo-int8",
        "turbo-int8",
        "turbo-int8"
      ],
      "kv_kurtosis_profile": [
        {
          "layer_index": 0,
          "k_kurtosis": 3.188645722734919,
          "v_kurtosis": 3.2289340482765825,
          "selected_mode": "turbo-int8"
        },
        {
          "layer_index": 1,
          "k_kurtosis": 3.031222123057737,
          "v_kurtosis": 3.0526781810567654,
          "selected_mode": "turbo-int8"
        },
        {
          "layer_index": 2,
          "k_kurtosis": 3.0529673563312696,
          "v_kurtosis": 2.9251464848180055,
          "selected_mode": "turbo-int8"
        },
        {
          "layer_index": 3,
          "k_kurtosis": 2.782434553751004,
          "v_kurtosis": 3.2781305255565787,
          "selected_mode": "turbo-int8"
        }
      ],
      "logit_comparison_vs_baseline": {
        "max_abs_err": 7.939152419567108e-05,
        "mean_abs_err": 3.067095531150699e-05,
        "cosine_similarity": 1.0
      },
      "generated_match_vs_baseline": true
    }
  }
}