{
  "prompt_ids": [
    3,
    5,
    8,
    13,
    21,
    34
  ],
  "max_new_tokens": 4,
  "kv_quant_seed": 7,
  "baseline_variant": "fp32",
  "variants": {
    "fp32": {
      "kv_cache_precision": "fp32",
      "kv_rotation_mode": "qr",
      "prompt_perplexity": 63.29993921597338,
      "total_time_s": 1.7612537000095472,
      "avg_step_ms": 175.8372099895496,
      "kv_cache_bytes": 5120,
      "generated_ids": [
        3,
        5,
        8,
        13,
        21,
        34,
        34,
        20,
        20,
        20
      ],
      "cache_lengths": [
        10,
        10
      ],
      "logit_comparison_vs_baseline": null,
      "generated_match_vs_baseline": true
    },
    "turbo-int8-qr": {
      "kv_cache_precision": "turbo-int8",
      "kv_rotation_mode": "qr",
      "prompt_perplexity": 63.29675189083481,
      "total_time_s": 1.6039379999856465,
      "avg_step_ms": 160.00428000697866,
      "kv_cache_bytes": 1600,
      "generated_ids": [
        3,
        5,
        8,
        13,
        21,
        34,
        34,
        20,
        20,
        20
      ],
      "cache_lengths": [
        10,
        10
      ],
      "logit_comparison_vs_baseline": {
        "max_abs_err": 0.0002123713493347168,
        "mean_abs_err": 6.725508137606084e-05,
        "cosine_similarity": 0.9999998807907104
      },
      "generated_match_vs_baseline": true
    },
    "turbo-int8-hadamard": {
      "kv_cache_precision": "turbo-int8",
      "kv_rotation_mode": "hadamard",
      "prompt_perplexity": 63.29815236241655,
      "total_time_s": 2.0548704999964684,
      "avg_step_ms": 205.11037000105716,
      "kv_cache_bytes": 1600,
      "generated_ids": [
        3,
        5,
        8,
        13,
        21,
        34,
        34,
        20,
        20,
        20
      ],
      "cache_lengths": [
        10,
        10
      ],
      "logit_comparison_vs_baseline": {
        "max_abs_err": 0.00024164468050003052,
        "mean_abs_err": 8.005084237083793e-05,
        "cosine_similarity": 0.9999996423721313
      },
      "generated_match_vs_baseline": true
    },
    "turbo-4bit": {
      "kv_cache_precision": "turbo-4bit",
      "kv_rotation_mode": "hadamard",
      "prompt_perplexity": 63.38753267842847,
      "total_time_s": 1.557892200013157,
      "avg_step_ms": 155.55805999902077,
      "kv_cache_bytes": 960,
      "generated_ids": [
        3,
        5,
        8,
        13,
        21,
        34,
        34,
        20,
        20,
        20
      ],
      "cache_lengths": [
        10,
        10
      ],
      "logit_comparison_vs_baseline": {
        "max_abs_err": 0.011385424062609673,
        "mean_abs_err": 0.00394330732524395,
        "cosine_similarity": 0.9991974830627441
      },
      "generated_match_vs_baseline": true
    },
    "turbo-qjl": {
      "kv_cache_precision": "turbo-qjl",
      "kv_rotation_mode": "hadamard",
      "prompt_perplexity": 63.29835156994321,
      "total_time_s": 1.6487948999856599,
      "avg_step_ms": 164.59583998075686,
      "kv_cache_bytes": 1440,
      "generated_ids": [
        3,
        5,
        8,
        13,
        21,
        34,
        34,
        34,
        34,
        34
      ],
      "cache_lengths": [
        10,
        10
      ],
      "logit_comparison_vs_baseline": {
        "max_abs_err": 0.3234109580516815,
        "mean_abs_err": 0.06587772071361542,
        "cosine_similarity": 0.7427255511283875
      },
      "generated_match_vs_baseline": false
    }
  }
}