{
  "export_dir": "C:\\Users\\Big Duck\\proyectos\\helix-backend-repo\\verification\\gpt-kv-landscape-share4\\export",
  "cache_mode": "session",
  "generated_ids": [
    3,
    10,
    17,
    24,
    31,
    38,
    45,
    52,
    59,
    66,
    73,
    80,
    87,
    94,
    101,
    108,
    115,
    122,
    1,
    8,
    15,
    22,
    29,
    36,
    43,
    50,
    57,
    64,
    71,
    78,
    85,
    92,
    99,
    106,
    113,
    120,
    127,
    6,
    13,
    20,
    27,
    34,
    41,
    48,
    55,
    62,
    69,
    76,
    83,
    90,
    97,
    104,
    111,
    118,
    125,
    4,
    11,
    18,
    25,
    32,
    39,
    46,
    53,
    60,
    67,
    74,
    81,
    88,
    95,
    102,
    109,
    116,
    123,
    2,
    9,
    16,
    23,
    30,
    37,
    44,
    51,
    58,
    65,
    72,
    79,
    86,
    93,
    100,
    107,
    114,
    121,
    0,
    7,
    14,
    21,
    28,
    35,
    42,
    49,
    56,
    63,
    70,
    77,
    84,
    91,
    98,
    105,
    112,
    119,
    126,
    5,
    12,
    19,
    26,
    33,
    40,
    47,
    54,
    61,
    68,
    75,
    82,
    89,
    96,
    103,
    110,
    117,
    124,
    126,
    126
  ],
  "num_layers": 4,
  "session_format_version": 2,
  "kv_cache_file": "kv_cache.npz",
  "kv_cache_precision": "adaptive",
  "kv_key_precision": null,
  "kv_value_precision": null,
  "kv_quant_seed": 7,
  "kv_rotation_mode": "hadamard",
  "kv_hot_window": 4,
  "kv_topk": 0,
  "kv_index_refresh_interval": 8,
  "kv_block_size": 0,
  "kv_layer_share_stride": 0,
  "kv_calibration_tokens": 128,
  "kv_adaptive_high_kurtosis": 10.0,
  "kv_adaptive_medium_kurtosis": 3.0,
  "kv_tokens_profiled": 130,
  "kv_layer_modes": [
    "turbo-int8",
    "turbo-4bit",
    "turbo-4bit",
    "turbo-int8"
  ],
  "kv_kurtosis_profile": [
    {
      "layer_index": 0,
      "k_kurtosis": 2.9093269304890503,
      "v_kurtosis": 3.0031189201025783,
      "selected_mode": "turbo-int8"
    },
    {
      "layer_index": 1,
      "k_kurtosis": 2.9612230663811907,
      "v_kurtosis": 2.9414532947675625,
      "selected_mode": "turbo-4bit"
    },
    {
      "layer_index": 2,
      "k_kurtosis": 2.993587854226072,
      "v_kurtosis": 2.924430991190368,
      "selected_mode": "turbo-4bit"
    },
    {
      "layer_index": 3,
      "k_kurtosis": 2.948744386216439,
      "v_kurtosis": 3.0451849683487637,
      "selected_mode": "turbo-int8"
    }
  ],
  "kv_kurtosis_state": [
    {
      "k": {
        "count": 8192,
        "sum1": -18.180351755116135,
        "sum2": 211.1158502825439,
        "sum3": -2.234331727184373,
        "sum4": 15.836210870972872
      },
      "v": {
        "count": 8192,
        "sum1": -7.155172307044268,
        "sum2": 209.7757620274455,
        "sum3": -0.2690245151044785,
        "sum4": 16.131203786138887
      }
    },
    {
      "k": {
        "count": 8192,
        "sum1": -5.044458395335823,
        "sum2": 197.08573556765649,
        "sum3": 0.12798688794060853,
        "sum4": 14.039584464617558
      },
      "v": {
        "count": 8192,
        "sum1": 57.749322548508644,
        "sum2": 200.66536946555362,
        "sum3": 3.480647678879774,
        "sum4": 14.438057745187576
      }
    },
    {
      "k": {
        "count": 8192,
        "sum1": -28.981904487591237,
        "sum2": 207.25609925348743,
        "sum3": -1.5528205063112945,
        "sum4": 15.687888285470382
      },
      "v": {
        "count": 8192,
        "sum1": 39.10766207193956,
        "sum2": 194.73125642329788,
        "sum3": 2.0009391303705173,
        "sum4": 13.52266041763947
      }
    },
    {
      "k": {
        "count": 8192,
        "sum1": 51.62037451379001,
        "sum2": 200.5591537457539,
        "sum3": 4.320306540411951,
        "sum4": 14.493011806487
      },
      "v": {
        "count": 8192,
        "sum1": -59.340298825874925,
        "sum2": 202.78795180213933,
        "sum3": -4.09680664528534,
        "sum4": 15.276691794071223
      }
    }
  ],
  "kv_session_payload": {
    "format": "compressed-kv-v2",
    "npz_compressed": true,
    "stores_hot_window_exact_tail": true,
    "adaptive": {
      "calibration_tokens": 128,
      "high_kurtosis_threshold": 10.0,
      "medium_kurtosis_threshold": 3.0,
      "tokens_profiled": 130,
      "ready": true
    },
    "rotation": {
      "mode": "hadamard",
      "original_dim": 16,
      "rotated_dim": 16
    },
    "codebook": {
      "bits": 4,
      "dim": 16,
      "levels": 16
    }
  }
}