{
  "export_dir": "C:\\Users\\Big Duck\\proyectos\\helix-backend-repo\\verification\\gpt-kv-landscape-opt2\\export",
  "cache_mode": "session",
  "generated_ids": [
    3,
    10,
    17,
    24,
    31,
    38,
    45,
    52,
    59,
    66,
    73,
    80,
    87,
    94,
    101,
    108,
    115,
    122,
    1,
    8,
    15,
    22,
    29,
    36,
    43,
    50,
    57,
    64,
    71,
    78,
    85,
    92,
    99,
    106,
    113,
    120,
    127,
    6,
    13,
    20,
    27,
    34,
    41,
    48,
    55,
    62,
    69,
    76,
    83,
    90,
    97,
    104,
    111,
    118,
    125,
    4,
    11,
    18,
    25,
    32,
    39,
    46,
    53,
    60,
    67,
    74,
    81,
    88,
    95,
    102,
    109,
    116,
    123,
    2,
    9,
    16,
    23,
    30,
    37,
    44,
    51,
    58,
    65,
    72,
    79,
    86,
    93,
    100,
    107,
    114,
    121,
    0,
    7,
    14,
    21,
    28,
    35,
    42,
    49,
    56,
    63,
    70,
    77,
    84,
    91,
    98,
    105,
    112,
    119,
    126,
    5,
    12,
    19,
    26,
    33,
    40,
    47,
    54,
    61,
    68,
    75,
    82,
    89,
    96,
    103,
    110,
    117,
    124,
    98,
    47
  ],
  "num_layers": 4,
  "session_format_version": 2,
  "kv_cache_file": "kv_cache.npz",
  "kv_cache_precision": "adaptive",
  "kv_key_precision": null,
  "kv_value_precision": null,
  "kv_quant_seed": 7,
  "kv_rotation_mode": "hadamard",
  "kv_hot_window": 4,
  "kv_topk": 0,
  "kv_index_refresh_interval": 8,
  "kv_block_size": 0,
  "kv_layer_share_stride": 0,
  "kv_calibration_tokens": 128,
  "kv_adaptive_high_kurtosis": 10.0,
  "kv_adaptive_medium_kurtosis": 3.0,
  "kv_tokens_profiled": 130,
  "kv_layer_modes": [
    "turbo-int8",
    "turbo-int8",
    "turbo-int8",
    "turbo-int8"
  ],
  "kv_kurtosis_profile": [
    {
      "layer_index": 0,
      "k_kurtosis": 2.9283757215229116,
      "v_kurtosis": 3.027057962741348,
      "selected_mode": "turbo-int8",
      "protected_terminal_band": true
    },
    {
      "layer_index": 1,
      "k_kurtosis": 3.0716720479769224,
      "v_kurtosis": 2.9566887135665514,
      "selected_mode": "turbo-int8",
      "protected_terminal_band": false
    },
    {
      "layer_index": 2,
      "k_kurtosis": 3.032036186311922,
      "v_kurtosis": 2.881833734464478,
      "selected_mode": "turbo-int8",
      "protected_terminal_band": false
    },
    {
      "layer_index": 3,
      "k_kurtosis": 2.9723308317037285,
      "v_kurtosis": 3.0370288608136744,
      "selected_mode": "turbo-int8",
      "protected_terminal_band": true
    }
  ],
  "kv_kurtosis_state": [
    {
      "k": {
        "count": 8192,
        "sum1": -0.5899562803097069,
        "sum2": 204.04199630053878,
        "sum3": 0.7244124801823569,
        "sum4": 14.882281878048412
      },
      "v": {
        "count": 8192,
        "sum1": -3.676736719440669,
        "sum2": 194.93885547242505,
        "sum3": -1.4840284242666413,
        "sum4": 14.044147205815884
      }
    },
    {
      "k": {
        "count": 8192,
        "sum1": 11.780595171963796,
        "sum2": 210.35296367480674,
        "sum3": 0.9106269573004349,
        "sum4": 16.591322929965575
      },
      "v": {
        "count": 8192,
        "sum1": 44.06127853365615,
        "sum2": 223.60826213086452,
        "sum3": 4.870333766984733,
        "sum4": 18.074189792660732
      }
    },
    {
      "k": {
        "count": 8192,
        "sum1": -32.33412924595177,
        "sum2": 208.35436792329367,
        "sum3": -0.8446831171701278,
        "sum4": 16.0417381336791
      },
      "v": {
        "count": 8192,
        "sum1": -29.83458115067333,
        "sum2": 216.68531294346502,
        "sum3": -3.243015864480754,
        "sum4": 16.53069974103986
      }
    },
    {
      "k": {
        "count": 8192,
        "sum1": 3.8591182054951787,
        "sum2": 213.2366512600168,
        "sum3": -0.633148515833054,
        "sum4": 16.496226911042385
      },
      "v": {
        "count": 8192,
        "sum1": -10.843223335919902,
        "sum2": 217.39083040974586,
        "sum3": -0.9985339048319689,
        "sum4": 17.520983433800673
      }
    }
  ],
  "kv_session_payload": {
    "format": "compressed-kv-v2",
    "npz_compressed": true,
    "stores_hot_window_exact_tail": true,
    "adaptive": {
      "calibration_tokens": 128,
      "high_kurtosis_threshold": 10.0,
      "medium_kurtosis_threshold": 3.0,
      "tokens_profiled": 130,
      "ready": true
    },
    "rotation": {
      "mode": "hadamard",
      "original_dim": 16,
      "rotated_dim": 16
    },
    "codebook": {
      "bits": 4,
      "dim": 16,
      "levels": 16
    }
  },
  "kv_current_mode": "adaptive",
  "kv_mode_trace": [
    "adaptive"
  ],
  "kv_switch_events": [],
  "kv_policy_phase": null,
  "kv_policy_allowed_modes": [],
  "kv_policy_state": null
}