{
  "prompt_ids": [
    3,
    5,
    8,
    13,
    21,
    34,
    55,
    1,
    2,
    4,
    6,
    7,
    9,
    11,
    15,
    18,
    20,
    22,
    24,
    26,
    28,
    30,
    32,
    36,
    40,
    44,
    48,
    52,
    56,
    60,
    12,
    14,
    16,
    17,
    19,
    23,
    25,
    27,
    29,
    31,
    33,
    35,
    37,
    38,
    39,
    41,
    42,
    43,
    45,
    46,
    47,
    49,
    50,
    51,
    53,
    54
  ],
  "max_new_tokens": 8,
  "kv_quant_seed": 7,
  "baseline_variant": "fp32",
  "variants": {
    "fp32": {
      "kv_cache_precision": "fp32",
      "kv_key_precision": null,
      "kv_value_precision": null,
      "kv_rotation_mode": "qr",
      "kv_hot_window": 4,
      "kv_calibration_tokens": 128,
      "kv_topk": 0,
      "kv_index_refresh_interval": 8,
      "prompt_perplexity": 65.0272282929532,
      "total_time_s": 8.905857200035825,
      "avg_step_ms": 139.00156093586702,
      "kv_cache_bytes": 65536,
      "generated_ids": [
        3,
        5,
        8,
        13,
        21,
        34,
        55,
        1,
        2,
        4,
        6,
        7,
        9,
        11,
        15,
        18,
        20,
        22,
        24,
        26,
        28,
        30,
        32,
        36,
        40,
        44,
        48,
        52,
        56,
        60,
        12,
        14,
        16,
        17,
        19,
        23,
        25,
        27,
        29,
        31,
        33,
        35,
        37,
        38,
        39,
        41,
        42,
        43,
        45,
        46,
        47,
        49,
        50,
        51,
        53,
        54,
        25,
        25,
        25,
        25,
        25,
        25,
        25,
        25
      ],
      "cache_lengths": [
        64,
        64,
        64,
        64
      ],
      "kv_layer_modes": null,
      "kv_kurtosis_profile": null,
      "kv_selective_stats": {
        "full_refreshes": 0,
        "reuse_hits": 0,
        "reuse_new_tokens": 0,
        "reuse_candidate_rows": 0
      },
      "logit_comparison_vs_baseline": null,
      "generated_match_vs_baseline": true
    },
    "turbo-int8-qr": {
      "kv_cache_precision": "turbo-int8",
      "kv_key_precision": null,
      "kv_value_precision": null,
      "kv_rotation_mode": "qr",
      "kv_hot_window": 4,
      "kv_calibration_tokens": 128,
      "kv_topk": 0,
      "kv_index_refresh_interval": 8,
      "prompt_perplexity": 65.02685113132405,
      "total_time_s": 9.490488899988122,
      "avg_step_ms": 148.1116281292998,
      "kv_cache_bytes": 23296,
      "generated_ids": [
        3,
        5,
        8,
        13,
        21,
        34,
        55,
        1,
        2,
        4,
        6,
        7,
        9,
        11,
        15,
        18,
        20,
        22,
        24,
        26,
        28,
        30,
        32,
        36,
        40,
        44,
        48,
        52,
        56,
        60,
        12,
        14,
        16,
        17,
        19,
        23,
        25,
        27,
        29,
        31,
        33,
        35,
        37,
        38,
        39,
        41,
        42,
        43,
        45,
        46,
        47,
        49,
        50,
        51,
        53,
        54,
        25,
        25,
        25,
        25,
        25,
        25,
        25,
        25
      ],
      "cache_lengths": [
        64,
        64,
        64,
        64
      ],
      "kv_layer_modes": null,
      "kv_kurtosis_profile": null,
      "kv_selective_stats": {
        "full_refreshes": 0,
        "reuse_hits": 0,
        "reuse_new_tokens": 0,
        "reuse_candidate_rows": 0
      },
      "logit_comparison_vs_baseline": {
        "max_abs_err": 9.045004844665527e-05,
        "mean_abs_err": 2.764389500953257e-05,
        "cosine_similarity": 0.9999998807907104
      },
      "generated_match_vs_baseline": true
    },
    "turbo-int8-hadamard": {
      "kv_cache_precision": "turbo-int8",
      "kv_key_precision": null,
      "kv_value_precision": null,
      "kv_rotation_mode": "hadamard",
      "kv_hot_window": 4,
      "kv_calibration_tokens": 128,
      "kv_topk": 0,
      "kv_index_refresh_interval": 8,
      "prompt_perplexity": 65.02616362035037,
      "total_time_s": 9.22564419999253,
      "avg_step_ms": 143.99745781247475,
      "kv_cache_bytes": 23296,
      "generated_ids": [
        3,
        5,
        8,
        13,
        21,
        34,
        55,
        1,
        2,
        4,
        6,
        7,
        9,
        11,
        15,
        18,
        20,
        22,
        24,
        26,
        28,
        30,
        32,
        36,
        40,
        44,
        48,
        52,
        56,
        60,
        12,
        14,
        16,
        17,
        19,
        23,
        25,
        27,
        29,
        31,
        33,
        35,
        37,
        38,
        39,
        41,
        42,
        43,
        45,
        46,
        47,
        49,
        50,
        51,
        53,
        54,
        25,
        25,
        25,
        25,
        25,
        25,
        25,
        25
      ],
      "cache_lengths": [
        64,
        64,
        64,
        64
      ],
      "kv_layer_modes": null,
      "kv_kurtosis_profile": null,
      "kv_selective_stats": {
        "full_refreshes": 0,
        "reuse_hits": 0,
        "reuse_new_tokens": 0,
        "reuse_candidate_rows": 0
      },
      "logit_comparison_vs_baseline": {
        "max_abs_err": 0.00010356307029724121,
        "mean_abs_err": 3.7924968637526035e-05,
        "cosine_similarity": 0.9999998807907104
      },
      "generated_match_vs_baseline": true
    },
    "turbo-4bit": {
      "kv_cache_precision": "turbo-4bit",
      "kv_key_precision": null,
      "kv_value_precision": null,
      "kv_rotation_mode": "hadamard",
      "kv_hot_window": 4,
      "kv_calibration_tokens": 128,
      "kv_topk": 0,
      "kv_index_refresh_interval": 8,
      "prompt_perplexity": 64.98339410169397,
      "total_time_s": 11.035010799998417,
      "avg_step_ms": 172.27398906015878,
      "kv_cache_bytes": 15616,
      "generated_ids": [
        3,
        5,
        8,
        13,
        21,
        34,
        55,
        1,
        2,
        4,
        6,
        7,
        9,
        11,
        15,
        18,
        20,
        22,
        24,
        26,
        28,
        30,
        32,
        36,
        40,
        44,
        48,
        52,
        56,
        60,
        12,
        14,
        16,
        17,
        19,
        23,
        25,
        27,
        29,
        31,
        33,
        35,
        37,
        38,
        39,
        41,
        42,
        43,
        45,
        46,
        47,
        49,
        50,
        51,
        53,
        54,
        25,
        25,
        25,
        25,
        25,
        25,
        25,
        25
      ],
      "cache_lengths": [
        64,
        64,
        64,
        64
      ],
      "kv_layer_modes": null,
      "kv_kurtosis_profile": null,
      "kv_selective_stats": {
        "full_refreshes": 0,
        "reuse_hits": 0,
        "reuse_new_tokens": 0,
        "reuse_candidate_rows": 0
      },
      "logit_comparison_vs_baseline": {
        "max_abs_err": 0.1015455350279808,
        "mean_abs_err": 0.03691183030605316,
        "cosine_similarity": 0.9401327967643738
      },
      "generated_match_vs_baseline": true
    },
    "turbo-int8-topk8": {
      "kv_cache_precision": "turbo-int8",
      "kv_key_precision": null,
      "kv_value_precision": null,
      "kv_rotation_mode": "hadamard",
      "kv_hot_window": 4,
      "kv_calibration_tokens": 128,
      "kv_topk": 8,
      "kv_index_refresh_interval": 1,
      "prompt_perplexity": 65.22981716332067,
      "total_time_s": 9.806936200009659,
      "avg_step_ms": 153.04544999798964,
      "kv_cache_bytes": 23296,