{
  "prompt_ids": [
    3,
    5,
    8,
    13,
    21,
    34,
    55,
    1,
    2,
    4,
    6,
    7,
    9,
    11,
    15,
    18,
    20,
    22,
    24,
    26,
    28,
    30,
    32,
    36,
    40,
    44,
    48,
    52,
    56,
    60,
    12,
    14
  ],
  "max_new_tokens": 4,
  "kv_quant_seed": 7,
  "baseline_variant": "fp32",
  "variants": {
    "fp32": {
      "kv_cache_precision": "fp32",
      "kv_rotation_mode": "qr",
      "kv_hot_window": 4,
      "prompt_perplexity": 65.06825154946449,
      "total_time_s": 1.4374274999718182,
      "avg_step_ms": 39.67741110763099,
      "kv_cache_bytes": 9216,
      "generated_ids": [
        3,
        5,
        8,
        13,
        21,
        34,
        55,
        1,
        2,
        4,
        6,
        7,
        9,
        11,
        15,
        18,
        20,
        22,
        24,
        26,
        28,
        30,
        32,
        36,
        40,
        44,
        48,
        52,
        56,
        60,
        12,
        14,
        14,
        14,
        14,
        14
      ],
      "cache_lengths": [
        36
      ],
      "logit_comparison_vs_baseline": null,
      "generated_match_vs_baseline": true
    },
    "turbo-int8-qr": {
      "kv_cache_precision": "turbo-int8",
      "kv_rotation_mode": "qr",
      "kv_hot_window": 4,
      "prompt_perplexity": 65.06712558081392,
      "total_time_s": 1.5147142999921925,
      "avg_step_ms": 41.93595277481816,
      "kv_cache_bytes": 3328,
      "generated_ids": [
        3,
        5,
        8,
        13,
        21,
        34,
        55,
        1,
        2,
        4,
        6,
        7,
        9,
        11,
        15,
        18,
        20,
        22,
        24,
        26,
        28,
        30,
        32,
        36,
        40,
        44,
        48,
        52,
        56,
        60,
        12,
        14,
        14,
        14,
        14,
        14
      ],
      "cache_lengths": [
        36
      ],
      "logit_comparison_vs_baseline": {
        "max_abs_err": 7.314234972000122e-05,
        "mean_abs_err": 2.5680899852886796e-05,
        "cosine_similarity": 0.9999999403953552
      },
      "generated_match_vs_baseline": true
    },
    "turbo-int8-hadamard": {
      "kv_cache_precision": "turbo-int8",
      "kv_rotation_mode": "hadamard",
      "kv_hot_window": 4,
      "prompt_perplexity": 65.06899019548267,
      "total_time_s": 1.3848040999728255,
      "avg_step_ms": 38.33172221978506,
      "kv_cache_bytes": 3328,
      "generated_ids": [
        3,
        5,
        8,
        13,
        21,
        34,
        55,
        1,
        2,
        4,
        6,
        7,
        9,
        11,
        15,
        18,
        20,
        22,
        24,
        26,
        28,
        30,
        32,
        36,
        40,
        44,
        48,
        52,
        56,
        60,
        12,
        14,
        14,
        14,
        14,
        14
      ],
      "cache_lengths": [
        36
      ],
      "logit_comparison_vs_baseline": {
        "max_abs_err": 9.548664093017578e-05,
        "mean_abs_err": 3.1807139748707414e-05,
        "cosine_similarity": 1.0
      },
      "generated_match_vs_baseline": true
    },
    "turbo-4bit": {
      "kv_cache_precision": "turbo-4bit",
      "kv_rotation_mode": "hadamard",
      "kv_hot_window": 4,
      "prompt_perplexity": 65.11081093076712,
      "total_time_s": 1.4789310000487603,
      "avg_step_ms": 40.9377388876035,
      "kv_cache_bytes": 2304,
      "generated_ids": [
        3,
        5,
        8,
        13,
        21,
        34,
        55,
        1,
        2,
        4,
        6,
        7,
        9,
        11,
        15,
        18,
        20,
        22,
        24,
        26,
        28,
        30,
        32,
        36,
        40,
        44,
        48,
        52,
        56,
        60,
        12,
        14,
        14,
        14,
        14,
        14
      ],
      "cache_lengths": [
        36
      ],
      "logit_comparison_vs_baseline": {
        "max_abs_err": 0.016722701489925385,
        "mean_abs_err": 0.00409635528922081,
        "cosine_similarity": 0.9990533590316772
      },
      "generated_match_vs_baseline": true
    },
    "turbo-qjl": {
      "kv_cache_precision": "turbo-qjl",
      "kv_rotation_mode": "hadamard",
      "kv_hot_window": 4,
      "prompt_perplexity": 65.11078789571172,
      "total_time_s": 1.4851238999981433,
      "avg_step_ms": 41.112213890301064,
      "kv_cache_bytes": 2816,
      "generated_ids": [
        3,
        5,
        8,
        13,
        21,
        34,
        55,
        1,
        2,
        4,
        6,
        7,
        9,
        11,
        15,
        18,
        20,
        22,
        24,
        26,
        28,
        30,
        32,
        36,
        40,
        44,
        48,
        52,
        56,
        60,
        12,
        14,
        14,
        14,
        14,
        14
      ],
      "cache_lengths": [
        36
      ],
      "logit_comparison_vs_baseline": {
        "max_abs_err": 0.0167236365377903,
        "mean_abs_err": 0.0040964968502521515,
        "cosine_similarity": 0.9990532398223877
      },
      "generated_match_vs_baseline": true
    },
    "turbo-int8-topk4": {
      "kv_cache_precision": "turbo-int8",
      "kv_rotation_mode": "hadamard",
      "kv_hot_window": 4,
      "prompt_perplexity": 64.9884621363475,
      "total_time_s": 1.4102863000007346,
      "avg_step_ms": 39.03822500271619,
      "kv_cache_bytes": 3328,
      "generated_ids": [
        3,
        5,
        8,
        13,
        21,
        34,
        55,
        1,
        2,
        4,
        6,
        7,
        9,
        11,
        15,
        18,
        20,
        22,
        24,
        26,
        28,
        30,
        32,
        36,
        40,
        44,
        48,
        52,
        56,
        60,
        12,
        14,
        14,
        14,
        14,
        14
      ],
      "cache_lengths": [
        36
      ],
      "logit_comparison_vs_baseline": {
        "max_abs_err": 0.040124520659446716,
        "mean_abs_err": 0.012993872165679932,
        "cosine_similarity": 0.9916545748710632
      },
      "generated_match_vs_baseline": true
    },
    "turbo-4bit-topk4": {
      "kv_cache_precision": "turbo-4bit",
      "kv_rotation_mode": "hadamard",
      "kv_hot_window": 4,
      "prompt_perplexity": 65.00419391271785,
      "total_time_s": 1.4857158999657258,
      "avg_step_ms": 41.12650833202578,
      "kv_cache_bytes": 2304,
      "generated_ids": [
        3,
        5,
        8,
        13,
        21,
        34,
        55,
        1,
        2,
        4,
        6,
        7,
        9,
        11,
        15,
        18,
        20,
        22,
        24,
        26,
        28,
        30,
        32,
        36,
        40,
        44,
        48,
        52,
        56,
        60,
        12,
        14,
        14,
        14,
        14,
        14
      ],
      "cache_lengths": [
        36
      ],
      "logit_comparison_vs_baseline": {
        "max_abs_err": 0.041001930832862854,
        "mean_abs_err": 0.012789858505129814,
        "cosine_similarity": 0.9915336966514587
      },
      "generated_match_vs_baseline": true
    },
    "turbo-qjl-topk4": {
      "kv_cache_precision": "turbo-qjl",
      "kv_rotation_mode": "hadamard",
      "kv_hot_window": 4,
      "prompt_perplexity": 65.00420791110037,
      "total_time_s": 1.609930299979169,
      "avg_step_ms": 44.57265555619314,
      "kv_cache_bytes": 2816,