{
  "export_dir": "C:\\Users\\Big Duck\\proyectos\\helix-backend-repo\\verification\\gpt-kv-landscape\\export",
  "cache_mode": "session",
  "generated_ids": [
    3,
    10,
    17,
    24,
    31,
    38,
    45,
    52,
    59,
    66,
    73,
    80,
    87,
    94,
    101,
    108,
    115,
    122,
    1,
    8,
    15,
    22,
    29,
    36,
    43,
    50,
    57,
    64,
    71,
    78,
    85,
    92,
    99,
    106,
    113,
    120,
    127,
    6,
    13,
    20,
    27,
    34,
    41,
    48,
    55,
    62,
    69,
    76,
    83,
    90,
    97,
    104,
    111,
    118,
    125,
    4,
    11,
    18,
    25,
    32,
    39,
    46,
    53,
    60,
    67,
    74,
    81,
    88,
    95,
    102,
    109,
    116,
    123,
    2,
    9,
    16,
    23,
    30,
    37,
    44,
    51,
    58,
    65,
    72,
    79,
    86,
    93,
    100,
    107,
    114,
    121,
    0,
    7,
    14,
    21,
    28,
    35,
    42,
    49,
    56,
    63,
    70,
    77,
    84,
    91,
    98,
    105,
    112,
    119,
    126,
    5,
    12,
    19,
    26,
    33,
    40,
    47,
    54,
    61,
    68,
    75,
    82,
    89,
    96,
    103,
    110,
    117,
    124,
    18,
    18
  ],
  "num_layers": 4,
  "session_format_version": 2,
  "kv_cache_file": "kv_cache.npz",
  "kv_cache_precision": "adaptive",
  "kv_key_precision": null,
  "kv_value_precision": null,
  "kv_quant_seed": 7,
  "kv_rotation_mode": "hadamard",
  "kv_hot_window": 4,
  "kv_topk": 0,
  "kv_index_refresh_interval": 8,
  "kv_block_size": 0,
  "kv_calibration_tokens": 128,
  "kv_adaptive_high_kurtosis": 10.0,
  "kv_adaptive_medium_kurtosis": 3.0,
  "kv_tokens_profiled": 130,
  "kv_layer_modes": [
    "turbo-4bit",
    "turbo-int8",
    "turbo-4bit",
    "turbo-int8"
  ],
  "kv_kurtosis_profile": [
    {
      "layer_index": 0,
      "k_kurtosis": 2.9249113176311847,
      "v_kurtosis": 2.968381050667268,
      "selected_mode": "turbo-4bit"
    },
    {
      "layer_index": 1,
      "k_kurtosis": 3.111245168633043,
      "v_kurtosis": 3.040608421343627,
      "selected_mode": "turbo-int8"
    },
    {
      "layer_index": 2,
      "k_kurtosis": 2.995305177843791,
      "v_kurtosis": 2.976717218176171,
      "selected_mode": "turbo-4bit"
    },
    {
      "layer_index": 3,
      "k_kurtosis": 3.1349956240336962,
      "v_kurtosis": 2.988391438135075,
      "selected_mode": "turbo-int8"
    }
  ],
  "kv_kurtosis_state": [
    {
      "k": {
        "count": 8192,
        "sum1": 4.895827099215239,
        "sum2": 204.26493303564797,
        "sum3": -1.0260332615822267,
        "sum4": 14.894079702348327
      },
      "v": {
        "count": 8192,
        "sum1": -4.459132985211909,
        "sum2": 211.18724344877177,
        "sum3": -0.27112622486655813,
        "sum4": 16.16072580703145
      }
    },
    {
      "k": {
        "count": 8192,
        "sum1": 31.04804958961904,
        "sum2": 207.33647172102076,
        "sum3": 1.5370403089414202,
        "sum4": 16.313508216612544
      },
      "v": {
        "count": 8192,
        "sum1": 39.87989013874903,
        "sum2": 204.38706822397532,
        "sum3": 3.216559818869948,
        "sum4": 15.509344442422648
      }
    },
    {
      "k": {
        "count": 8192,
        "sum1": 61.72948052408174,
        "sum2": 200.4767155446941,
        "sum3": 5.293995169981658,
        "sum4": 14.718552187350703
      },
      "v": {
        "count": 8192,
        "sum1": 0.2081358830910176,
        "sum2": 202.72447960323174,
        "sum3": 1.4965645212990226,
        "sum4": 14.93359613647145
      }
    },
    {
      "k": {
        "count": 8192,
        "sum1": -52.79310921113938,
        "sum2": 207.00058033122946,
        "sum3": -4.48555328627017,
        "sum4": 16.408201114558032
      },
      "v": {
        "count": 8192,
        "sum1": 35.915345549117774,
        "sum2": 201.84583675035466,
        "sum3": 2.789176756389278,
        "sum4": 14.864802747693611
      }
    }
  ],
  "kv_session_payload": {
    "format": "compressed-kv-v2",
    "npz_compressed": true,
    "stores_hot_window_exact_tail": true,
    "adaptive": {
      "calibration_tokens": 128,
      "high_kurtosis_threshold": 10.0,
      "medium_kurtosis_threshold": 3.0,
      "tokens_profiled": 130,
      "ready": true
    },
    "rotation": {
      "mode": "hadamard",
      "original_dim": 16,
      "rotated_dim": 16
    },
    "codebook": {
      "bits": 4,
      "dim": 16,
      "levels": 16
    }
  }
}