{
  "short56": {
    "prompt_ids": [
      3,
      10,
      17,
      24,
      31,
      38,
      45,
      52,
      59,
      66,
      73,
      80,
      87,
      94,
      101,
      108,
      115,
      122,
      1,
      8,
      15,
      22,
      29,
      36,
      43,
      50,
      57,
      64,
      71,
      78,
      85,
      92,
      99,
      106,
      113,
      120,
      127,
      6,
      13,
      20,
      27,
      34,
      41,
      48,
      55,
      62,
      69,
      76,
      83,
      90,
      97,
      104,
      111,
      118,
      125,
      4
    ],
    "max_new_tokens": 2,
    "kv_quant_seed": 7,
    "baseline_variant": "fp32",
    "variants": {
      "fp32": {
        "kv_cache_precision": "fp32",
        "kv_key_precision": null,
        "kv_value_precision": null,
        "kv_rotation_mode": "qr",
        "kv_hot_window": 4,
        "kv_calibration_tokens": 128,
        "kv_topk": 0,
        "kv_index_refresh_interval": 8,
        "kv_block_size": 0,
        "prompt_perplexity": 131.4425702102305,
        "total_time_s": 8.805056799959857,
        "avg_step_ms": 151.6428206864632,
        "kv_cache_bytes": 118784,
        "generated_ids": [
          3,
          10,
          17,
          24,
          31,
          38,
          45,
          52,
          59,
          66,
          73,
          80,
          87,
          94,
          101,
          108,
          115,
          122,
          1,
          8,
          15,
          22,
          29,
          36,
          43,
          50,
          57,
          64,
          71,
          78,
          85,
          92,
          99,
          106,
          113,
          120,
          127,
          6,
          13,
          20,
          27,
          34,
          41,
          48,
          55,
          62,
          69,
          76,
          83,
          90,
          97,
          104,
          111,
          118,
          125,
          4,
          102,
          102
        ],
        "cache_lengths": [
          58,
          58,
          58,
          58
        ],
        "kv_layer_modes": null,
        "kv_kurtosis_profile": null,
        "kv_selective_stats": {
          "full_refreshes": 0,
          "reuse_hits": 0,
          "reuse_new_tokens": 0,
          "reuse_candidate_rows": 0
        },
        "logit_comparison_vs_baseline": null,
        "generated_match_vs_baseline": true
      },
      "turbo-int8-topk8-refresh8": {
        "kv_cache_precision": "turbo-int8",
        "kv_key_precision": null,
        "kv_value_precision": null,
        "kv_rotation_mode": "hadamard",
        "kv_hot_window": 4,
        "kv_calibration_tokens": 128,
        "kv_topk": 8,
        "kv_index_refresh_interval": 8,
        "kv_block_size": 0,
        "prompt_perplexity": 131.06867239480195,
        "total_time_s": 8.909254300000612,
        "avg_step_ms": 153.43397758311013,
        "kv_cache_bytes": 39296,
        "generated_ids": [
          3,
          10,
          17,
          24,
          31,
          38,
          45,
          52,
          59,
          66,
          73,
          80,
          87,
          94,
          101,
          108,
          115,
          122,
          1,
          8,
          15,
          22,
          29,
          36,
          43,
          50,
          57,
          64,
          71,
          78,
          85,
          92,
          99,
          106,
          113,
          120,
          127,
          6,
          13,
          20,
          27,
          34,
          41,
          48,
          55,
          62,
          69,
          76,
          83,
          90,
          97,
          104,
          111,
          118,
          125,
          4,
          102,
          102
        ],
        "cache_lengths": [
          58,
          58,
          58,
          58
        ],
        "kv_layer_modes": null,
        "kv_kurtosis_profile": null,
        "kv_selective_stats": {
          "full_refreshes": 12,
          "reuse_hits": 76,
          "reuse_new_tokens": 76,
          "reuse_candidate_rows": 608
        },
        "logit_comparison_vs_baseline": {
          "max_abs_err": 0.1548679620027542,
          "mean_abs_err": 0.03337225317955017,
          "cosine_similarity": 0.9661995768547058
        },
        "generated_match_vs_baseline": true
      },
      "turbo-int8-topk8-refresh8-block16": {
        "kv_cache_precision": "turbo-int8",
        "kv_key_precision": null,
        "kv_value_precision": null,
        "kv_rotation_mode": "hadamard",
        "kv_hot_window": 4,
        "kv_calibration_tokens": 128,
        "kv_topk": 8,
        "kv_index_refresh_interval": 8,
        "kv_block_size": 16,
        "prompt_perplexity": 131.0686712584672,
        "total_time_s": 9.095054499979597,
        "avg_step_ms": 156.63843620809374,
        "kv_cache_bytes": 39296,
        "generated_ids": [
          3,
          10,
          17,
          24,
          31,
          38,
          45,
          52,
          59,
          66,
          73,
          80,
          87,
          94,
          101,
          108,
          115,
          122,
          1,
          8,
          15,
          22,
          29,
          36,
          43,
          50,
          57,
          64,
          71,
          78,
          85,
          92,
          99,
          106,
          113,
          120,
          127,
          6,
          13,
          20,
          27,
          34,
          41,
          48,
          55,
          62,
          69,
          76,
          83,
          90,
          97,
          104,
          111,
          118,
          125,
          4,
          102,
          102
        ],
        "cache_lengths": [
          58,
          58,
          58,
          58
        ],
        "kv_layer_modes": null,
        "kv_kurtosis_profile": null,
        "kv_selective_stats": {
          "full_refreshes": 12,
          "reuse_hits": 76,
          "reuse_new_tokens": 76,
          "reuse_candidate_rows": 608,
          "block_pruned_steps": 12,
          "block_rows_scored": 32
        },
        "logit_comparison_vs_baseline": {
          "max_abs_err": 0.1548679769039154,
          "mean_abs_err": 0.03337225317955017,
          "cosine_similarity": 0.966199517250061
        },
        "generated_match_vs_baseline": true
      }
    }
  },
  "long80": {
    "prompt_ids": [
      3,
      10,
      17,
      24,
      31,
      38,
      45,
      52,
      59,
      66,
      73,
      80,
      87,
      94,
      101,
      108,
      115,
      122,
      1,
      8,
      15,
      22,
      29,
      36,
      43,
      50,
      57,
      64,
      71,
      78,
      85,
      92,
      99,
      106,
      113,
      120,
      127,
      6,
      13,
      20,
      27,
      34,
      41,
      48,
      55,
      62,
      69,
      76,
      83,
      90,
      97,
      104,
      111,
      118,
      125,
      4,
      11,
      18,
      25,
      32,
      39,
      46,
      53,
      60,
      67,
      74,
      81,
      88,
      95,
      102,
      109,
      116,
      123,
      2,
      9,
      16,
      23,
      30,
      37,
      44
    ],
    "max_new_tokens": 2,
    "kv_quant_seed": 7,
    "baseline_variant": "fp32",
    "variants": {
      "fp32": {
        "kv_cache_precision": "fp32",
        "kv_key_precision": null,
        "kv_value_precision": null,
        "kv_rotation_mode": "qr",
        "kv_hot_window": 4,
        "kv_calibration_tokens": 128,
        "kv_topk": 0,
        "kv_index_refresh_interval": 8,
        "kv_block_size": 0,
        "prompt_perplexity": 134.44030971158813,
        "total_time_s": 13.131321199995,
        "avg_step_ms": 159.98463536876753,
        "kv_cache_bytes": 167936,