{
  "prompt_ids": [
    3,
    10,
    17,
    24,
    31,
    38,
    45,
    52,
    59,
    66,
    73,
    80,
    87,
    94,
    101,
    108,
    115,
    122,
    1,
    8,
    15,
    22,
    29,
    36,
    43,
    50,
    57,
    64,
    71,
    78,
    85,
    92,
    99,
    106,
    113,
    120,
    127,
    6,
    13,
    20,
    27,
    34,
    41,
    48,
    55,
    62,
    69,
    76,
    83,
    90,
    97,
    104,
    111,
    118,
    125,
    4,
    11,
    18,
    25,
    32,
    39,
    46,
    53,
    60,
    67,
    74,
    81,
    88,
    95,
    102,
    109,
    116,
    123,
    2,
    9,
    16,
    23,
    30,
    37,
    44,
    51,
    58,
    65,
    72,
    79,
    86,
    93,
    100,
    107,
    114,
    121,
    0,
    7,
    14,
    21,
    28,
    35,
    42,
    49,
    56,
    63,
    70,
    77,
    84,
    91,
    98,
    105,
    112,
    119,
    126,
    5,
    12
  ],
  "max_new_tokens": 2,
  "kv_quant_seed": 7,
  "baseline_variant": "fp32",
  "variants": {
    "fp32": {
      "kv_cache_precision": "fp32",
      "kv_key_precision": null,
      "kv_value_precision": null,
      "kv_rotation_mode": "qr",
      "kv_hot_window": 4,
      "kv_calibration_tokens": 128,
      "kv_topk": 0,
      "kv_index_refresh_interval": 8,
      "kv_block_size": 0,
      "prompt_perplexity": 132.93222514057535,
      "total_time_s": 22.409355300012976,
      "avg_step_ms": 196.41227719553729,
      "kv_cache_bytes": 233472,
      "generated_ids": [
        3,
        10,
        17,
        24,
        31,
        38,
        45,
        52,
        59,
        66,
        73,
        80,
        87,
        94,
        101,
        108,
        115,
        122,
        1,
        8,
        15,
        22,
        29,
        36,
        43,
        50,
        57,
        64,
        71,
        78,
        85,
        92,
        99,
        106,
        113,
        120,
        127,
        6,
        13,
        20,
        27,
        34,
        41,
        48,
        55,
        62,
        69,
        76,
        83,
        90,
        97,
        104,
        111,
        118,
        125,
        4,
        11,
        18,
        25,
        32,
        39,
        46,
        53,
        60,
        67,
        74,
        81,
        88,
        95,
        102,
        109,
        116,
        123,
        2,
        9,
        16,
        23,
        30,
        37,
        44,
        51,
        58,
        65,
        72,
        79,
        86,
        93,
        100,
        107,
        114,
        121,
        0,
        7,
        14,
        21,
        28,
        35,
        42,
        49,
        56,
        63,
        70,
        77,
        84,
        91,
        98,
        105,
        112,
        119,
        126,
        5,
        12,
        119,
        119
      ],
      "cache_lengths": [
        114,
        114,
        114,
        114
      ],
      "kv_layer_modes": null,
      "kv_kurtosis_profile": null,
      "kv_selective_stats": {
        "full_refreshes": 0,
        "reuse_hits": 0,
        "reuse_new_tokens": 0,
        "reuse_candidate_rows": 0
      },
      "logit_comparison_vs_baseline": null,
      "generated_match_vs_baseline": true
    },
    "turbo-int8-topk8-refresh8": {
      "kv_cache_precision": "turbo-int8",
      "kv_key_precision": null,
      "kv_value_precision": null,
      "kv_rotation_mode": "hadamard",
      "kv_hot_window": 4,
      "kv_calibration_tokens": 128,
      "kv_topk": 8,
      "kv_index_refresh_interval": 8,
      "kv_block_size": 0,
      "prompt_perplexity": 133.13946163992878,
      "total_time_s": 20.620977300044615,
      "avg_step_ms": 180.7301271943735,
      "kv_cache_bytes": 71552,
      "generated_ids": [
        3,
        10,
        17,
        24,
        31,
        38,
        45,
        52,
        59,
        66,
        73,
        80,
        87,
        94,
        101,
        108,
        115,
        122,
        1,
        8,
        15,
        22,
        29,
        36,
        43,
        50,
        57,
        64,
        71,
        78,
        85,
        92,
        99,
        106,
        113,
        120,
        127,
        6,
        13,
        20,
        27,
        34,
        41,
        48,
        55,
        62,
        69,
        76,
        83,
        90,
        97,
        104,
        111,
        118,
        125,
        4,
        11,
        18,
        25,
        32,
        39,
        46,
        53,
        60,
        67,
        74,
        81,
        88,
        95,
        102,
        109,
        116,
        123,
        2,
        9,
        16,
        23,
        30,
        37,
        44,
        51,
        58,
        65,
        72,
        79,
        86,
        93,
        100,
        107,
        114,
        121,
        0,
        7,
        14,
        21,
        28,
        35,
        42,
        49,
        56,
        63,
        70,
        77,
        84,
        91,
        98,
        105,
        112,
        119,
        126,
        5,
        12,
        124,
        124
      ],
      "cache_lengths": [
        114,
        114,
        114,
        114
      ],
      "kv_layer_modes": null,
      "kv_kurtosis_profile": null,
      "kv_selective_stats": {
        "full_refreshes": 40,
        "reuse_hits": 272,
        "reuse_new_tokens": 272,
        "reuse_candidate_rows": 2176
      },
      "logit_comparison_vs_baseline": {
        "max_abs_err": 0.4319721758365631,
        "mean_abs_err": 0.1409911960363388,
        "cosine_similarity": 0.3937181234359741
      },
      "generated_match_vs_baseline": false
    },
    "turbo-int8-topk8-refresh8-block8": {
      "kv_cache_precision": "turbo-int8",
      "kv_key_precision": null,
      "kv_value_precision": null,
      "kv_rotation_mode": "hadamard",
      "kv_hot_window": 4,
      "kv_calibration_tokens": 128,
      "kv_topk": 8,
      "kv_index_refresh_interval": 8,
      "kv_block_size": 8,
      "prompt_perplexity": 133.10636675211896,
      "total_time_s": 20.91877479996765,
      "avg_step_ms": 183.33838245751778,
      "kv_cache_bytes": 71552,
      "generated_ids": [
        3,
        10,
        17,
        24,
        31,
        38,
        45,
        52,
        59,
        66,
        73,
        80,
        87,
        94,
        101,
        108,
        115,
        122,
        1,
        8,
        15,
        22,
        29,
        36,
        43,
        50,
        57,
        64,
        71,
        78,
        85,
        92,
        99,
        106,
        113,
        120,
        127,
        6,
        13,
        20,
        27,
        34,
        41,
        48,
        55,
        62,
        69,
        76,
        83,
        90,
        97,
        104,
        111,
        118,
        125,
        4,
        11,
        18,
        25,
        32,
        39,
        46,
        53,
        60,
        67,
        74,
        81,
        88,
        95,
        102,
        109,
        116,
        123,
        2,
        9,
        16,
        23,
        30,
        37,
        44,
        51,
        58,
        65,
        72,
        79,
        86,
        93,
        100,
        107,
        114,
        121,
        0,
        7,
        14,
        21,
        28,
        35,
        42,
        49,
        56,
        63,
        70,
        77,
        84,
        91,
        98,
        105,
        112,
        119,
        126,
        5,
        12,
        119,
        119
      ],
      "cache_lengths": [
        114,
        114,
        114,
        114
      ],
      "kv_layer_modes": null,
      "kv_kurtosis_profile": null,
      "kv_selective_stats": {
        "full_refreshes": 40,
        "reuse_hits": 272,
        "reuse_new_tokens": 272,
        "reuse_candidate_rows": 2176,