{
  "prompt_ids": [
    3,
    5,
    8,
    13,
    21,
    34,
    55,
    1,
    2,
    4,
    6,
    7,
    9,
    11,
    15,
    18,
    20,
    22,
    24,
    26,
    28,
    30,
    32,
    36,
    40,
    44,
    48,
    52,
    56,
    60,
    12,
    14
  ],
  "max_new_tokens": 4,
  "kv_quant_seed": 7,
  "baseline_variant": "fp32",
  "variants": {
    "fp32": {
      "kv_cache_precision": "fp32",
      "kv_rotation_mode": "qr",
      "kv_hot_window": 4,
      "prompt_perplexity": 66.51745055901044,
      "total_time_s": 1.9898548999917693,
      "avg_step_ms": 55.01995833926938,
      "kv_cache_bytes": 9216,
      "generated_ids": [
        3,
        5,
        8,
        13,
        21,
        34,
        55,
        1,
        2,
        4,
        6,
        7,
        9,
        11,
        15,
        18,
        20,
        22,
        24,
        26,
        28,
        30,
        32,
        36,
        40,
        44,
        48,
        52,
        56,
        60,
        12,
        14,
        26,
        27,
        27,
        27
      ],
      "cache_lengths": [
        36
      ],
      "logit_comparison_vs_baseline": null,
      "generated_match_vs_baseline": true
    },
    "turbo-int8-qr": {
      "kv_cache_precision": "turbo-int8",
      "kv_rotation_mode": "qr",
      "kv_hot_window": 4,
      "prompt_perplexity": 66.51725820501392,
      "total_time_s": 1.8714783999603242,
      "avg_step_ms": 51.82461666117888,
      "kv_cache_bytes": 3328,
      "generated_ids": [
        3,
        5,
        8,
        13,
        21,
        34,
        55,
        1,
        2,
        4,
        6,
        7,
        9,
        11,
        15,
        18,
        20,
        22,
        24,
        26,
        28,
        30,
        32,
        36,
        40,
        44,
        48,
        52,
        56,
        60,
        12,
        14,
        26,
        27,
        27,
        27
      ],
      "cache_lengths": [
        36
      ],
      "logit_comparison_vs_baseline": {
        "max_abs_err": 0.00011696666479110718,
        "mean_abs_err": 2.969319757539779e-05,
        "cosine_similarity": 0.9999998807907104
      },
      "generated_match_vs_baseline": true
    },
    "turbo-int8-hadamard": {
      "kv_cache_precision": "turbo-int8",
      "kv_rotation_mode": "hadamard",
      "kv_hot_window": 4,
      "prompt_perplexity": 66.51773806788272,
      "total_time_s": 1.8565246000071056,
      "avg_step_ms": 51.41044443977686,
      "kv_cache_bytes": 3328,
      "generated_ids": [
        3,
        5,
        8,
        13,
        21,
        34,
        55,
        1,
        2,
        4,
        6,
        7,
        9,
        11,
        15,
        18,
        20,
        22,
        24,
        26,
        28,
        30,
        32,
        36,
        40,
        44,
        48,
        52,
        56,
        60,
        12,
        14,
        26,
        27,
        27,
        27
      ],
      "cache_lengths": [
        36
      ],
      "logit_comparison_vs_baseline": {
        "max_abs_err": 7.957220077514648e-05,
        "mean_abs_err": 2.126765321008861e-05,
        "cosine_similarity": 1.0
      },
      "generated_match_vs_baseline": true
    },
    "turbo-4bit": {
      "kv_cache_precision": "turbo-4bit",
      "kv_rotation_mode": "hadamard",
      "kv_hot_window": 4,
      "prompt_perplexity": 66.49964175611981,
      "total_time_s": 1.7594229999813251,
      "avg_step_ms": 48.635652778708995,
      "kv_cache_bytes": 2304,
      "generated_ids": [
        3,
        5,
        8,
        13,
        21,
        34,
        55,
        1,
        2,
        4,
        6,
        7,
        9,
        11,
        15,
        18,
        20,
        22,
        24,
        26,
        28,
        30,
        32,
        36,
        40,
        44,
        48,
        52,
        56,
        60,
        12,
        14,
        26,
        27,
        27,
        27
      ],
      "cache_lengths": [
        36
      ],
      "logit_comparison_vs_baseline": {
        "max_abs_err": 0.021691130474209785,
        "mean_abs_err": 0.007392803207039833,
        "cosine_similarity": 0.997800350189209
      },
      "generated_match_vs_baseline": true
    },
    "turbo-qjl": {
      "kv_cache_precision": "turbo-qjl",
      "kv_rotation_mode": "hadamard",
      "kv_hot_window": 4,
      "prompt_perplexity": 66.49961720683383,
      "total_time_s": 1.8404105000081472,
      "avg_step_ms": 50.95455554934839,
      "kv_cache_bytes": 2816,
      "generated_ids": [
        3,
        5,
        8,
        13,
        21,
        34,
        55,
        1,
        2,
        4,
        6,
        7,
        9,
        11,
        15,
        18,
        20,
        22,
        24,
        26,
        28,
        30,
        32,
        36,
        40,
        44,
        48,
        52,
        56,
        60,
        12,
        14,
        26,
        27,
        27,
        27
      ],
      "cache_lengths": [
        36
      ],
      "logit_comparison_vs_baseline": {
        "max_abs_err": 0.021691888570785522,
        "mean_abs_err": 0.007393247913569212,
        "cosine_similarity": 0.9978001713752747
      },
      "generated_match_vs_baseline": true
    },
    "turbo-int8-topk4": {
      "kv_cache_precision": "turbo-int8",
      "kv_rotation_mode": "hadamard",
      "kv_hot_window": 4,
      "prompt_perplexity": 66.5350205540579,
      "total_time_s": 1.8021872999961488,
      "avg_step_ms": 49.88281944113422,
      "kv_cache_bytes": 3328,
      "generated_ids": [
        3,
        5,
        8,
        13,
        21,
        34,
        55,
        1,
        2,
        4,
        6,
        7,
        9,
        11,
        15,
        18,
        20,
        22,
        24,
        26,
        28,
        30,
        32,
        36,
        40,
        44,
        48,
        52,
        56,
        60,
        12,
        14,
        26,
        27,
        27,
        27
      ],
      "cache_lengths": [
        36
      ],
      "logit_comparison_vs_baseline": {
        "max_abs_err": 0.032945819199085236,
        "mean_abs_err": 0.01097537949681282,
        "cosine_similarity": 0.9952792525291443
      },
      "generated_match_vs_baseline": true
    },
    "turbo-4bit-topk4": {
      "kv_cache_precision": "turbo-4bit",
      "kv_rotation_mode": "hadamard",
      "kv_hot_window": 4,
      "prompt_perplexity": 66.48403637603357,
      "total_time_s": 1.6973360999836586,
      "avg_step_ms": 46.99505833397981,
      "kv_cache_bytes": 2304,
      "generated_ids": [
        3,
        5,
        8,
        13,
        21,
        34,
        55,
        1,
        2,
        4,
        6,
        7,
        9,
        11,
        15,
        18,
        20,
        22,
        24,
        26,
        28,
        30,
        32,
        36,
        40,
        44,
        48,
        52,
        56,
        60,
        12,
        14,
        26,
        26,
        26,
        26
      ],
      "cache_lengths": [
        36
      ],
      "logit_comparison_vs_baseline": {
        "max_abs_err": 0.40060675144195557,
        "mean_abs_err": 0.07884655892848969,
        "cosine_similarity": 0.6951090097427368
      },
      "generated_match_vs_baseline": false
    },
    "turbo-qjl-topk4": {
      "kv_cache_precision": "turbo-qjl",
      "kv_rotation_mode": "hadamard",
      "kv_hot_window": 4,
      "prompt_perplexity": 66.49425851919804,
      "total_time_s": 2.1173554999986663,
      "avg_step_ms": 58.489605559669954,
      "kv_cache_bytes": 2816,