{
  "prompt_ids": [
    3,
    5,
    8,
    13,
    21,
    34,
    55,
    1,
    2,
    4,
    6,
    7,
    9,
    11,
    15,
    18,
    20,
    22,
    24,
    26,
    28,
    30,
    32,
    36,
    40,
    44,
    48,
    52,
    56,
    60,
    12,
    14,
    16,
    17,
    19,
    23,
    25,
    27,
    29,
    31,
    33,
    35,
    37,
    38,
    39,
    41,
    42,
    43,
    45,
    46,
    47,
    49,
    50,
    51,
    53,
    54
  ],
  "max_new_tokens": 4,
  "kv_quant_seed": 7,
  "baseline_variant": "fp32",
  "variants": {
    "fp32": {
      "kv_cache_precision": "fp32",
      "kv_rotation_mode": "qr",
      "kv_hot_window": 4,
      "prompt_perplexity": 64.69676440137117,
      "total_time_s": 2.6819803999969736,
      "avg_step_ms": 44.55472500024674,
      "kv_cache_bytes": 15360,
      "generated_ids": [
        3,
        5,
        8,
        13,
        21,
        34,
        55,
        1,
        2,
        4,
        6,
        7,
        9,
        11,
        15,
        18,
        20,
        22,
        24,
        26,
        28,
        30,
        32,
        36,
        40,
        44,
        48,
        52,
        56,
        60,
        12,
        14,
        16,
        17,
        19,
        23,
        25,
        27,
        29,
        31,
        33,
        35,
        37,
        38,
        39,
        41,
        42,
        43,
        45,
        46,
        47,
        49,
        50,
        51,
        53,
        54,
        54,
        54,
        54,
        54
      ],
      "cache_lengths": [
        60
      ],
      "logit_comparison_vs_baseline": null,
      "generated_match_vs_baseline": true
    },
    "turbo-int8-qr": {
      "kv_cache_precision": "turbo-int8",
      "kv_rotation_mode": "qr",
      "kv_hot_window": 4,
      "prompt_perplexity": 64.69676748635337,
      "total_time_s": 2.3356666999752633,
      "avg_step_ms": 38.79357499924178,
      "kv_cache_bytes": 5056,
      "generated_ids": [
        3,
        5,
        8,
        13,
        21,
        34,
        55,
        1,
        2,
        4,
        6,
        7,
        9,
        11,
        15,
        18,
        20,
        22,
        24,
        26,
        28,
        30,
        32,
        36,
        40,
        44,
        48,
        52,
        56,
        60,
        12,
        14,
        16,
        17,
        19,
        23,
        25,
        27,
        29,
        31,
        33,
        35,
        37,
        38,
        39,
        41,
        42,
        43,
        45,
        46,
        47,
        49,
        50,
        51,
        53,
        54,
        54,
        54,
        54,
        54
      ],
      "cache_lengths": [
        60
      ],
      "logit_comparison_vs_baseline": {
        "max_abs_err": 6.774067878723145e-05,
        "mean_abs_err": 1.998635707423091e-05,
        "cosine_similarity": 1.0
      },
      "generated_match_vs_baseline": true
    },
    "turbo-int8-hadamard": {
      "kv_cache_precision": "turbo-int8",
      "kv_rotation_mode": "hadamard",
      "kv_hot_window": 4,
      "prompt_perplexity": 64.6970100785962,
      "total_time_s": 2.2038553000311367,
      "avg_step_ms": 36.59523166813111,
      "kv_cache_bytes": 5056,
      "generated_ids": [
        3,
        5,
        8,
        13,
        21,
        34,
        55,
        1,
        2,
        4,
        6,
        7,
        9,
        11,
        15,
        18,
        20,
        22,
        24,
        26,
        28,
        30,
        32,
        36,
        40,
        44,
        48,
        52,
        56,
        60,
        12,
        14,
        16,
        17,
        19,
        23,
        25,
        27,
        29,
        31,
        33,
        35,
        37,
        38,
        39,
        41,
        42,
        43,
        45,
        46,
        47,
        49,
        50,
        51,
        53,
        54,
        54,
        54,
        54,
        54
      ],
      "cache_lengths": [
        60
      ],
      "logit_comparison_vs_baseline": {
        "max_abs_err": 9.89176332950592e-05,
        "mean_abs_err": 2.6625115424394608e-05,
        "cosine_similarity": 0.9999998807907104
      },
      "generated_match_vs_baseline": true
    },
    "turbo-4bit": {
      "kv_cache_precision": "turbo-4bit",
      "kv_rotation_mode": "hadamard",
      "kv_hot_window": 4,
      "prompt_perplexity": 64.74608092207768,
      "total_time_s": 2.3764612999511883,
      "avg_step_ms": 39.47051333379932,
      "kv_cache_bytes": 3264,
      "generated_ids": [
        3,
        5,
        8,
        13,
        21,
        34,
        55,
        1,
        2,
        4,
        6,
        7,
        9,
        11,
        15,
        18,
        20,
        22,
        24,
        26,
        28,
        30,
        32,
        36,
        40,
        44,
        48,
        52,
        56,
        60,
        12,
        14,
        16,
        17,
        19,
        23,
        25,
        27,
        29,
        31,
        33,
        35,
        37,
        38,
        39,
        41,
        42,
        43,
        45,
        46,
        47,
        49,
        50,
        51,
        53,
        54,
        54,
        54,
        54,
        54
      ],
      "cache_lengths": [
        60
      ],
      "logit_comparison_vs_baseline": {
        "max_abs_err": 0.04418559372425079,
        "mean_abs_err": 0.013866729103028774,
        "cosine_similarity": 0.983785092830658
      },
      "generated_match_vs_baseline": true
    },
    "turbo-qjl": {
      "kv_cache_precision": "turbo-qjl",
      "kv_rotation_mode": "hadamard",
      "kv_hot_window": 4,
      "prompt_perplexity": 64.74608485141161,
      "total_time_s": 2.504085100023076,
      "avg_step_ms": 41.59489999389431,
      "kv_cache_bytes": 4160,
      "generated_ids": [
        3,
        5,
        8,
        13,
        21,
        34,
        55,
        1,
        2,
        4,
        6,
        7,
        9,
        11,
        15,
        18,
        20,
        22,
        24,
        26,
        28,
        30,
        32,
        36,
        40,
        44,
        48,
        52,
        56,
        60,
        12,
        14,
        16,
        17,
        19,
        23,
        25,
        27,
        29,
        31,
        33,
        35,
        37,
        38,
        39,
        41,
        42,
        43,
        45,
        46,
        47,
        49,
        50,
        51,
        53,
        54,
        54,
        54,
        54,
        54
      ],
      "cache_lengths": [
        60
      ],
      "logit_comparison_vs_baseline": {
        "max_abs_err": 0.04424556344747543,
        "mean_abs_err": 0.013880765065550804,
        "cosine_similarity": 0.9837477207183838
      },
      "generated_match_vs_baseline": true
    },
    "turbo-int8-topk8": {
      "kv_cache_precision": "turbo-int8",
      "kv_rotation_mode": "hadamard",
      "kv_hot_window": 4,
      "prompt_perplexity": 64.58107260073982,
      "total_time_s": 2.184644099965226,
      "avg_step_ms": 36.27241500265276,
      "kv_cache_bytes": 5056,
      "generated_ids": [
        3,
        5,
        8,
        13,
        21,
        34,
        55,
        1,
        2,
        4,
        6,
        7,
        9,
        11,
        15,
        18,
        20,
        22,
        24,
        26,
        28,
        30,
        32,
        36,
        40,
        44,
        48,
        52,
        56,
        60,
        12,
        14,
        16,
        17,
        19,
        23,
        25,
        27,
        29,
        31,
        33,
        35,
        37,
        38,
        39,
        41,
        42,
        43,
        45,
        46,
        47,
        49,
        50,
        51,
        53,
        54,
        54,
        54,
        54,
        54
      ],