{
  "prompt_ids": [
    3,
    5,
    8,
    13,
    21,
    34,
    55,
    1,
    2,
    4,
    6,
    7,
    9,
    11,
    15,
    18,
    20,
    22,
    24,
    26,
    28,
    30,
    32,
    36,
    40,
    44,
    48,
    52,
    56,
    60,
    12,
    14,
    16,
    17,
    19,
    23,
    25,
    27,
    29,
    31,
    33,
    35,
    37,
    38,
    39,
    41,
    42,
    43,
    45,
    46,
    47,
    49,
    50,
    51,
    53,
    54
  ],
  "max_new_tokens": 4,
  "kv_quant_seed": 7,
  "baseline_variant": "fp32",
  "variants": {
    "fp32": {
      "kv_cache_precision": "fp32",
      "kv_rotation_mode": "qr",
      "kv_hot_window": 4,
      "prompt_perplexity": 64.03958816558155,
      "total_time_s": 2.5582039000000805,
      "avg_step_ms": 42.443301662569866,
      "kv_cache_bytes": 15360,
      "generated_ids": [
        3,
        5,
        8,
        13,
        21,
        34,
        55,
        1,
        2,
        4,
        6,
        7,
        9,
        11,
        15,
        18,
        20,
        22,
        24,
        26,
        28,
        30,
        32,
        36,
        40,
        44,
        48,
        52,
        56,
        60,
        12,
        14,
        16,
        17,
        19,
        23,
        25,
        27,
        29,
        31,
        33,
        35,
        37,
        38,
        39,
        41,
        42,
        43,
        45,
        46,
        47,
        49,
        50,
        51,
        53,
        54,
        54,
        54,
        54,
        54
      ],
      "cache_lengths": [
        60
      ],
      "logit_comparison_vs_baseline": null,
      "generated_match_vs_baseline": true
    },
    "turbo-int8-qr": {
      "kv_cache_precision": "turbo-int8",
      "kv_rotation_mode": "qr",
      "kv_hot_window": 4,
      "prompt_perplexity": 64.03921034746358,
      "total_time_s": 2.245428299997002,
      "avg_step_ms": 37.276963333715685,
      "kv_cache_bytes": 5056,
      "generated_ids": [
        3,
        5,
        8,
        13,
        21,
        34,
        55,
        1,
        2,
        4,
        6,
        7,
        9,
        11,
        15,
        18,
        20,
        22,
        24,
        26,
        28,
        30,
        32,
        36,
        40,
        44,
        48,
        52,
        56,
        60,
        12,
        14,
        16,
        17,
        19,
        23,
        25,
        27,
        29,
        31,
        33,
        35,
        37,
        38,
        39,
        41,
        42,
        43,
        45,
        46,
        47,
        49,
        50,
        51,
        53,
        54,
        54,
        54,
        54,
        54
      ],
      "cache_lengths": [
        60
      ],
      "logit_comparison_vs_baseline": {
        "max_abs_err": 5.88148832321167e-05,
        "mean_abs_err": 1.9711267668753862e-05,
        "cosine_similarity": 0.9999998807907104
      },
      "generated_match_vs_baseline": true
    },
    "turbo-int8-hadamard": {
      "kv_cache_precision": "turbo-int8",
      "kv_rotation_mode": "hadamard",
      "kv_hot_window": 4,
      "prompt_perplexity": 64.03960537704042,
      "total_time_s": 2.3988730999990366,
      "avg_step_ms": 39.83992666568762,
      "kv_cache_bytes": 5056,
      "generated_ids": [
        3,
        5,
        8,
        13,
        21,
        34,
        55,
        1,
        2,
        4,
        6,
        7,
        9,
        11,
        15,
        18,
        20,
        22,
        24,
        26,
        28,
        30,
        32,
        36,
        40,
        44,
        48,
        52,
        56,
        60,
        12,
        14,
        16,
        17,
        19,
        23,
        25,
        27,
        29,
        31,
        33,
        35,
        37,
        38,
        39,
        41,
        42,
        43,
        45,
        46,
        47,
        49,
        50,
        51,
        53,
        54,
        54,
        54,
        54,
        54
      ],
      "cache_lengths": [
        60
      ],
      "logit_comparison_vs_baseline": {
        "max_abs_err": 0.00010083615779876709,
        "mean_abs_err": 2.6990732294507325e-05,
        "cosine_similarity": 0.9999999403953552
      },
      "generated_match_vs_baseline": true
    },
    "turbo-4bit": {
      "kv_cache_precision": "turbo-4bit",
      "kv_rotation_mode": "hadamard",
      "kv_hot_window": 4,
      "prompt_perplexity": 64.03779764391992,
      "total_time_s": 2.553768699988723,
      "avg_step_ms": 42.42105166583011,
      "kv_cache_bytes": 3264,
      "generated_ids": [
        3,
        5,
        8,
        13,
        21,
        34,
        55,
        1,
        2,
        4,
        6,
        7,
        9,
        11,
        15,
        18,
        20,
        22,
        24,
        26,
        28,
        30,
        32,
        36,
        40,
        44,
        48,
        52,
        56,
        60,
        12,
        14,
        16,
        17,
        19,
        23,
        25,
        27,
        29,
        31,
        33,
        35,
        37,
        38,
        39,
        41,
        42,
        43,
        45,
        46,
        47,
        49,
        50,
        51,
        53,
        54,
        54,
        54,
        54,
        54
      ],
      "cache_lengths": [
        60
      ],
      "logit_comparison_vs_baseline": {
        "max_abs_err": 0.03891262412071228,
        "mean_abs_err": 0.012835938483476639,
        "cosine_similarity": 0.991253674030304
      },
      "generated_match_vs_baseline": true
    },
    "turbo-qjl": {
      "kv_cache_precision": "turbo-qjl",
      "kv_rotation_mode": "hadamard",
      "kv_hot_window": 4,
      "prompt_perplexity": 64.03779125920357,
      "total_time_s": 2.6038757000351325,
      "avg_step_ms": 43.25482666317839,
      "kv_cache_bytes": 4160,
      "generated_ids": [
        3,
        5,
        8,
        13,
        21,
        34,
        55,
        1,
        2,
        4,
        6,
        7,
        9,
        11,
        15,
        18,
        20,
        22,
        24,
        26,
        28,
        30,
        32,
        36,
        40,
        44,
        48,
        52,
        56,
        60,
        12,
        14,
        16,
        17,
        19,
        23,
        25,
        27,
        29,
        31,
        33,
        35,
        37,
        38,
        39,
        41,
        42,
        43,
        45,
        46,
        47,
        49,
        50,
        51,
        53,
        54,
        54,
        54,
        54,
        54
      ],
      "cache_lengths": [
        60
      ],
      "logit_comparison_vs_baseline": {
        "max_abs_err": 0.03891514241695404,
        "mean_abs_err": 0.012835648842155933,
        "cosine_similarity": 0.991253674030304
      },
      "generated_match_vs_baseline": true
    },
    "turbo-int8-topk8": {
      "kv_cache_precision": "turbo-int8",
      "kv_rotation_mode": "hadamard",
      "kv_hot_window": 4,
      "prompt_perplexity": 64.15426627845915,
      "total_time_s": 2.6763562000123784,
      "avg_step_ms": 44.46810000711897,
      "kv_cache_bytes": 5056,
      "generated_ids": [
        3,
        5,
        8,
        13,
        21,
        34,
        55,
        1,
        2,
        4,
        6,
        7,
        9,
        11,
        15,
        18,
        20,
        22,
        24,
        26,
        28,
        30,
        32,
        36,
        40,
        44,
        48,
        52,
        56,
        60,
        12,
        14,
        16,
        17,
        19,
        23,
        25,
        27,
        29,
        31,
        33,
        35,
        37,
        38,
        39,
        41,
        42,
        43,
        45,
        46,
        47,
        49,
        50,
        51,
        53,
        54,
        54,
        54,
        54,
        54
      ],