{
  "prompt_ids": [
    3,
    10,
    17,
    24,
    31,
    38,
    45,
    52,
    59,
    66,
    73,
    80,
    87,
    94,
    101,
    108,
    115,
    122,
    1,
    8,
    15,
    22,
    29,
    36,
    43,
    50,
    57,
    64,
    71,
    78,
    85,
    92,
    99,
    106,
    113,
    120,
    127,
    6,
    13,
    20,
    27,
    34,
    41,
    48,
    55,
    62,
    69,
    76,
    83,
    90,
    97,
    104,
    111,
    118,
    125,
    4,
    11,
    18,
    25,
    32,
    39,
    46,
    53,
    60,
    67,
    74,
    81,
    88,
    95,
    102,
    109,
    116,
    123,
    2,
    9,
    16,
    23,
    30,
    37,
    44,
    51,
    58,
    65,
    72,
    79,
    86,
    93,
    100,
    107,
    114,
    121,
    0,
    7,
    14,
    21,
    28,
    35,
    42,
    49,
    56,
    63,
    70,
    77,
    84,
    91,
    98,
    105,
    112,
    119,
    126,
    5,
    12
  ],
  "max_new_tokens": 2,
  "kv_quant_seed": 7,
  "baseline_variant": "turbo-int8-topk8-refresh8-block16",
  "variants": {
    "turbo-int8-topk8-refresh8-block16": {
      "kv_cache_precision": "turbo-int8",
      "kv_key_precision": null,
      "kv_value_precision": null,
      "kv_rotation_mode": "hadamard",
      "kv_hot_window": 4,
      "kv_calibration_tokens": 128,
      "kv_topk": 8,
      "kv_index_refresh_interval": 8,
      "kv_block_size": 16,
      "kv_layer_share_stride": 0,
      "prompt_perplexity": 132.92372184335125,
      "total_time_s": 11.116847299970686,
      "avg_step_ms": 97.40531491575223,
      "kv_cache_bytes": 71552,
      "generated_ids": [
        3,
        10,
        17,
        24,
        31,
        38,
        45,
        52,
        59,
        66,
        73,
        80,
        87,
        94,
        101,
        108,
        115,
        122,
        1,
        8,
        15,
        22,
        29,
        36,
        43,
        50,
        57,
        64,
        71,
        78,
        85,
        92,
        99,
        106,
        113,
        120,
        127,
        6,
        13,
        20,
        27,
        34,
        41,
        48,
        55,
        62,
        69,
        76,
        83,
        90,
        97,
        104,
        111,
        118,
        125,
        4,
        11,
        18,
        25,
        32,
        39,
        46,
        53,
        60,
        67,
        74,
        81,
        88,
        95,
        102,
        109,
        116,
        123,
        2,
        9,
        16,
        23,
        30,
        37,
        44,
        51,
        58,
        65,
        72,
        79,
        86,
        93,
        100,
        107,
        114,
        121,
        0,
        7,
        14,
        21,
        28,
        35,
        42,
        49,
        56,
        63,
        70,
        77,
        84,
        91,
        98,
        105,
        112,
        119,
        126,
        5,
        12,
        12,
        58
      ],
      "cache_lengths": [
        114,
        114,
        114,
        114
      ],
      "kv_layer_modes": null,
      "kv_kurtosis_profile": null,
      "kv_selective_stats": {
        "full_refreshes": 40,
        "reuse_hits": 272,
        "reuse_new_tokens": 272,
        "reuse_candidate_rows": 2176,
        "block_pruned_steps": 40,
        "block_rows_scored": 180
      },
      "kv_cross_layer_overlap": {
        "global_samples": 234,
        "mean_jaccard": 0.3556987615160764,
        "high_overlap_rate": 0.03418803418803419,
        "adjacent_pairs": [
          {
            "pair": [
              0,
              1
            ],
            "samples": 78,
            "mean_jaccard": 0.3368679096132507,
            "high_overlap_rate": 0.01282051282051282,
            "mean_intersection": 8.602564102564102,
            "mean_union": 28.397435897435898
          },
          {
            "pair": [
              1,
              2
            ],
            "samples": 78,
            "mean_jaccard": 0.3580796404177104,
            "high_overlap_rate": 0.0641025641025641,
            "mean_intersection": 8.435897435897436,
            "mean_union": 27.794871794871796
          },
          {
            "pair": [
              2,
              3
            ],
            "samples": 78,
            "mean_jaccard": 0.37214873451726804,
            "high_overlap_rate": 0.02564102564102564,
            "mean_intersection": 8.987179487179487,
            "mean_union": 27.653846153846153
          }
        ]
      },
      "logit_comparison_vs_baseline": null,
      "generated_match_vs_baseline": true
    },
    "turbo-int8-topk8-refresh8-block16-share4": {
      "kv_cache_precision": "turbo-int8",
      "kv_key_precision": null,
      "kv_value_precision": null,
      "kv_rotation_mode": "hadamard",
      "kv_hot_window": 4,
      "kv_calibration_tokens": 128,
      "kv_topk": 8,
      "kv_index_refresh_interval": 8,
      "kv_block_size": 16,
      "kv_layer_share_stride": 4,
      "prompt_perplexity": 132.9127598966973,
      "total_time_s": 11.050913500017487,
      "avg_step_ms": 96.83615087762296,
      "kv_cache_bytes": 71552,
      "generated_ids": [
        3,
        10,
        17,
        24,
        31,
        38,
        45,
        52,
        59,
        66,
        73,
        80,
        87,
        94,
        101,
        108,
        115,
        122,
        1,
        8,
        15,
        22,
        29,
        36,
        43,
        50,
        57,
        64,
        71,
        78,
        85,
        92,
        99,
        106,
        113,
        120,
        127,
        6,
        13,
        20,
        27,
        34,
        41,
        48,
        55,
        62,
        69,
        76,
        83,
        90,
        97,
        104,
        111,
        118,
        125,
        4,
        11,
        18,
        25,
        32,
        39,
        46,
        53,
        60,
        67,
        74,
        81,
        88,
        95,
        102,
        109,
        116,
        123,
        2,
        9,
        16,
        23,
        30,
        37,
        44,
        51,
        58,
        65,
        72,
        79,
        86,
        93,
        100,
        107,
        114,
        121,
        0,
        7,
        14,
        21,
        28,
        35,
        42,
        49,
        56,
        63,
        70,
        77,
        84,
        91,
        98,
        105,
        112,
        119,
        126,
        5,
        12,
        12,
        58
      ],
      "cache_lengths": [
        114,
        114,
        114,
        114
      ],
      "kv_layer_modes": null,
      "kv_kurtosis_profile": null,
      "kv_selective_stats": {
        "full_refreshes": 10,
        "reuse_hits": 68,
        "reuse_new_tokens": 68,
        "reuse_candidate_rows": 544,
        "block_pruned_steps": 10,
        "block_rows_scored": 45,
        "cross_layer_share_hits": 234,
        "cross_layer_share_candidate_rows": 3000
      },
      "kv_cross_layer_overlap": {
        "global_samples": 234,
        "mean_jaccard": 0.9110888469901613,
        "high_overlap_rate": 0.8717948717948718,
        "adjacent_pairs": [
          {
            "pair": [
              0,
              1
            ],
            "samples": 78,
            "mean_jaccard": 0.909286014333108,
            "high_overlap_rate": 0.8717948717948718,
            "mean_intersection": 17.115384615384617,
            "mean_union": 20.858974358974358
          },
          {
            "pair": [
              1,
              2
            ],
            "samples": 78,
            "mean_jaccard": 0.9115911418330773,
            "high_overlap_rate": 0.8717948717948718,
            "mean_intersection": 17.153846153846153,
            "mean_union": 20.71794871794872
          },
          {
            "pair": [
              2,
              3
            ],
            "samples": 78,