{
  "prompt_ids": [
    3,
    5,
    8,
    13,
    21,
    34,
    55,
    1,
    2,
    4,
    6,
    7,
    9,
    11,
    15,
    18,
    20,
    22,
    24,
    26,
    28,
    30,
    32,
    36,
    40,
    44,
    48,
    52,
    56,
    60,
    12,
    14,
    16,
    17,
    19,
    23,
    25,
    27,
    29,
    31,
    33,
    35,
    37,
    38,
    39,
    41,
    42,
    43,
    45,
    46,
    47,
    49,
    50,
    51,
    53,
    54
  ],
  "max_new_tokens": 4,
  "kv_quant_seed": 7,
  "baseline_variant": "fp32",
  "variants": {
    "fp32": {
      "kv_cache_precision": "fp32",
      "kv_rotation_mode": "qr",
      "kv_hot_window": 4,
      "prompt_perplexity": 64.48422024104337,
      "total_time_s": 4.423088599985931,
      "avg_step_ms": 73.46171666674006,
      "kv_cache_bytes": 15360,
      "generated_ids": [
        3,
        5,
        8,
        13,
        21,
        34,
        55,
        1,
        2,
        4,
        6,
        7,
        9,
        11,
        15,
        18,
        20,
        22,
        24,
        26,
        28,
        30,
        32,
        36,
        40,
        44,
        48,
        52,
        56,
        60,
        12,
        14,
        16,
        17,
        19,
        23,
        25,
        27,
        29,
        31,
        33,
        35,
        37,
        38,
        39,
        41,
        42,
        43,
        45,
        46,
        47,
        49,
        50,
        51,
        53,
        54,
        54,
        54,
        54,
        54
      ],
      "cache_lengths": [
        60
      ],
      "logit_comparison_vs_baseline": null,
      "generated_match_vs_baseline": true
    },
    "turbo-int8-qr": {
      "kv_cache_precision": "turbo-int8",
      "kv_rotation_mode": "qr",
      "kv_hot_window": 4,
      "prompt_perplexity": 64.4839943799331,
      "total_time_s": 3.7521803000126965,
      "avg_step_ms": 62.2137916633316,
      "kv_cache_bytes": 5056,
      "generated_ids": [
        3,
        5,
        8,
        13,
        21,
        34,
        55,
        1,
        2,
        4,
        6,
        7,
        9,
        11,
        15,
        18,
        20,
        22,
        24,
        26,
        28,
        30,
        32,
        36,
        40,
        44,
        48,
        52,
        56,
        60,
        12,
        14,
        16,
        17,
        19,
        23,
        25,
        27,
        29,
        31,
        33,
        35,
        37,
        38,
        39,
        41,
        42,
        43,
        45,
        46,
        47,
        49,
        50,
        51,
        53,
        54,
        54,
        54,
        54,
        54
      ],
      "cache_lengths": [
        60
      ],
      "logit_comparison_vs_baseline": {
        "max_abs_err": 6.633996963500977e-05,
        "mean_abs_err": 1.818360760807991e-05,
        "cosine_similarity": 0.9999998807907104
      },
      "generated_match_vs_baseline": true
    },
    "turbo-int8-hadamard": {
      "kv_cache_precision": "turbo-int8",
      "kv_rotation_mode": "hadamard",
      "kv_hot_window": 4,
      "prompt_perplexity": 64.48401534473055,
      "total_time_s": 3.3410729999886826,
      "avg_step_ms": 55.48678500441989,
      "kv_cache_bytes": 5056,
      "generated_ids": [
        3,
        5,
        8,
        13,
        21,
        34,
        55,
        1,
        2,
        4,
        6,
        7,
        9,
        11,
        15,
        18,
        20,
        22,
        24,
        26,
        28,
        30,
        32,
        36,
        40,
        44,
        48,
        52,
        56,
        60,
        12,
        14,
        16,
        17,
        19,
        23,
        25,
        27,
        29,
        31,
        33,
        35,
        37,
        38,
        39,
        41,
        42,
        43,
        45,
        46,
        47,
        49,
        50,
        51,
        53,
        54,
        54,
        54,
        54,
        54
      ],
      "cache_lengths": [
        60
      ],
      "logit_comparison_vs_baseline": {
        "max_abs_err": 8.685886859893799e-05,
        "mean_abs_err": 2.5454326532781124e-05,
        "cosine_similarity": 0.9999998807907104
      },
      "generated_match_vs_baseline": true
    },
    "turbo-4bit": {
      "kv_cache_precision": "turbo-4bit",
      "kv_rotation_mode": "hadamard",
      "kv_hot_window": 4,
      "prompt_perplexity": 64.50450064933106,
      "total_time_s": 4.790961800026707,
      "avg_step_ms": 79.66989499788421,
      "kv_cache_bytes": 3264,
      "generated_ids": [
        3,
        5,
        8,
        13,
        21,
        34,
        55,
        1,
        2,
        4,
        6,
        7,
        9,
        11,
        15,
        18,
        20,
        22,
        24,
        26,
        28,
        30,
        32,
        36,
        40,
        44,
        48,
        52,
        56,
        60,
        12,
        14,
        16,
        17,
        19,
        23,
        25,
        27,
        29,
        31,
        33,
        35,
        37,
        38,
        39,
        41,
        42,
        43,
        45,
        46,
        47,
        49,
        50,
        51,
        53,
        54,
        54,
        54,
        54,
        54
      ],
      "cache_lengths": [
        60
      ],
      "logit_comparison_vs_baseline": {
        "max_abs_err": 0.02885013073682785,
        "mean_abs_err": 0.007835105061531067,
        "cosine_similarity": 0.9972966313362122
      },
      "generated_match_vs_baseline": true
    },
    "turbo-qjl": {
      "kv_cache_precision": "turbo-qjl",
      "kv_rotation_mode": "hadamard",
      "kv_hot_window": 4,
      "prompt_perplexity": 64.5045056824819,
      "total_time_s": 3.6447690000059083,
      "avg_step_ms": 60.56939833021412,
      "kv_cache_bytes": 4160,
      "generated_ids": [
        3,
        5,
        8,
        13,
        21,
        34,
        55,
        1,
        2,
        4,
        6,
        7,
        9,
        11,
        15,
        18,
        20,
        22,
        24,
        26,
        28,
        30,
        32,
        36,
        40,
        44,
        48,
        52,
        56,
        60,
        12,
        14,
        16,
        17,
        19,
        23,
        25,
        27,
        29,
        31,
        33,
        35,
        37,
        38,
        39,
        41,
        42,
        43,
        45,
        46,
        47,
        49,
        50,
        51,
        53,
        54,
        54,
        54,
        54,
        54
      ],
      "cache_lengths": [
        60
      ],
      "logit_comparison_vs_baseline": {
        "max_abs_err": 0.028850741684436798,
        "mean_abs_err": 0.007835148833692074,
        "cosine_similarity": 0.9972966909408569
      },
      "generated_match_vs_baseline": true
    },
    "turbo-int8-topk8": {
      "kv_cache_precision": "turbo-int8",
      "kv_rotation_mode": "hadamard",
      "kv_hot_window": 4,
      "prompt_perplexity": 64.52115022306401,
      "total_time_s": 3.011706500023138,
      "avg_step_ms": 50.03081833419856,
      "kv_cache_bytes": 5056,
      "generated_ids": [
        3,
        5,
        8,
        13,
        21,
        34,
        55,
        1,
        2,
        4,
        6,
        7,
        9,
        11,
        15,
        18,
        20,
        22,
        24,
        26,
        28,
        30,
        32,
        36,
        40,
        44,
        48,
        52,
        56,
        60,
        12,
        14,
        16,
        17,
        19,
        23,
        25,
        27,
        29,
        31,
        33,
        35,
        37,
        38,
        39,
        41,
        42,
        43,
        45,
        46,
        47,
        49,
        50,
        51,
        53,
        54,
        54,
        54,
        54,
        54
      ],