{
  "prompt_ids": [
    3,
    10,
    17,
    24,
    31,
    38,
    45,
    52,
    59,
    2,
    9,
    16,
    23,
    30,
    37,
    44,
    51,
    58,
    1,
    8,
    15,
    22,
    29,
    36,
    43,
    50,
    57,
    0,
    7,
    14,
    21,
    28,
    35,
    42,
    49,
    56,
    63,
    6,
    13,
    20,
    27,
    34,
    41,
    48,
    55,
    62,
    5,
    12,
    19,
    26,
    33,
    40,
    47,
    54,
    61,
    4,
    11,
    18,
    25,
    32,
    39,
    46,
    53,
    60,
    3,
    10,
    17,
    24,
    31,
    38,
    45,
    52,
    59,
    2,
    9,
    16,
    23,
    30,
    37,
    44
  ],
  "max_new_tokens": 8,
  "kv_quant_seed": 7,
  "baseline_variant": "fp32",
  "variants": {
    "fp32": {
      "kv_cache_precision": "fp32",
      "kv_key_precision": null,
      "kv_value_precision": null,
      "kv_rotation_mode": "qr",
      "kv_hot_window": 4,
      "kv_calibration_tokens": 128,
      "kv_topk": 0,
      "kv_index_refresh_interval": 8,
      "kv_block_size": 0,
      "prompt_perplexity": 64.78334981855406,
      "total_time_s": 20.881630900024902,
      "avg_step_ms": 237.08475909568898,
      "kv_cache_bytes": 90112,
      "generated_ids": [
        3,
        10,
        17,
        24,
        31,
        38,
        45,
        52,
        59,
        2,
        9,
        16,
        23,
        30,
        37,
        44,
        51,
        58,
        1,
        8,
        15,
        22,
        29,
        36,
        43,
        50,
        57,
        0,
        7,
        14,
        21,
        28,
        35,
        42,
        49,
        56,
        63,
        6,
        13,
        20,
        27,
        34,
        41,
        48,
        55,
        62,
        5,
        12,
        19,
        26,
        33,
        40,
        47,
        54,
        61,
        4,
        11,
        18,
        25,
        32,
        39,
        46,
        53,
        60,
        3,
        10,
        17,
        24,
        31,
        38,
        45,
        52,
        59,
        2,
        9,
        16,
        23,
        30,
        37,
        44,
        6,
        6,
        6,
        6,
        6,
        6,
        6,
        6
      ],
      "cache_lengths": [
        88,
        88,
        88,
        88
      ],
      "kv_layer_modes": null,
      "kv_kurtosis_profile": null,
      "kv_selective_stats": {
        "full_refreshes": 0,
        "reuse_hits": 0,
        "reuse_new_tokens": 0,
        "reuse_candidate_rows": 0
      },
      "logit_comparison_vs_baseline": null,
      "generated_match_vs_baseline": true
    },
    "turbo-int8-topk8-refresh8": {
      "kv_cache_precision": "turbo-int8",
      "kv_key_precision": null,
      "kv_value_precision": null,
      "kv_rotation_mode": "hadamard",
      "kv_hot_window": 4,
      "kv_calibration_tokens": 128,
      "kv_topk": 8,
      "kv_index_refresh_interval": 8,
      "kv_block_size": 0,
      "prompt_perplexity": 64.64291798559518,
      "total_time_s": 16.07639989996096,
      "avg_step_ms": 182.46931931472236,
      "kv_cache_bytes": 30976,
      "generated_ids": [
        3,
        10,
        17,
        24,
        31,
        38,
        45,
        52,
        59,
        2,
        9,
        16,
        23,
        30,
        37,
        44,
        51,
        58,
        1,
        8,
        15,
        22,
        29,
        36,
        43,
        50,
        57,
        0,
        7,
        14,
        21,
        28,
        35,
        42,
        49,
        56,
        63,
        6,
        13,
        20,
        27,
        34,
        41,
        48,
        55,
        62,
        5,
        12,
        19,
        26,
        33,
        40,
        47,
        54,
        61,
        4,
        11,
        18,
        25,
        32,
        39,
        46,
        53,
        60,
        3,
        10,
        17,
        24,
        31,
        38,
        45,
        52,
        59,
        2,
        9,
        16,
        23,
        30,
        37,
        44,
        6,
        6,
        6,
        6,
        6,
        6,
        6,
        6
      ],
      "cache_lengths": [
        88,
        88,
        88,
        88
      ],
      "kv_layer_modes": null,
      "kv_kurtosis_profile": null,
      "kv_selective_stats": {
        "full_refreshes": 28,
        "reuse_hits": 180,
        "reuse_new_tokens": 180,
        "reuse_candidate_rows": 1440
      },
      "logit_comparison_vs_baseline": {
        "max_abs_err": 0.08306339383125305,
        "mean_abs_err": 0.026938313618302345,
        "cosine_similarity": 0.9638583660125732
      },
      "generated_match_vs_baseline": true
    },
    "turbo-int8-topk8-refresh8-block16": {
      "kv_cache_precision": "turbo-int8",
      "kv_key_precision": null,
      "kv_value_precision": null,
      "kv_rotation_mode": "hadamard",
      "kv_hot_window": 4,
      "kv_calibration_tokens": 128,
      "kv_topk": 8,
      "kv_index_refresh_interval": 8,
      "kv_block_size": 16,
      "prompt_perplexity": 64.70323501521126,
      "total_time_s": 21.32325990003301,
      "avg_step_ms": 242.1110159114257,
      "kv_cache_bytes": 30976,
      "generated_ids": [
        3,
        10,
        17,
        24,
        31,
        38,
        45,
        52,
        59,
        2,
        9,
        16,
        23,
        30,
        37,
        44,
        51,
        58,
        1,
        8,
        15,
        22,
        29,
        36,
        43,
        50,
        57,
        0,
        7,
        14,
        21,
        28,
        35,
        42,
        49,
        56,
        63,
        6,
        13,
        20,
        27,
        34,
        41,
        48,
        55,
        62,
        5,
        12,
        19,
        26,
        33,
        40,
        47,
        54,
        61,
        4,
        11,
        18,
        25,
        32,
        39,
        46,
        53,
        60,
        3,
        10,
        17,
        24,
        31,
        38,
        45,
        52,
        59,
        2,
        9,
        16,
        23,
        30,
        37,
        44,
        6,
        6,
        6,
        6,
        6,
        6,
        6,
        6
      ],
      "cache_lengths": [
        88,
        88,
        88,
        88
      ],
      "kv_layer_modes": null,
      "kv_kurtosis_profile": null,
      "kv_selective_stats": {
        "full_refreshes": 28,
        "reuse_hits": 180,
        "reuse_new_tokens": 180,
        "reuse_candidate_rows": 1440,
        "block_pruned_steps": 28,
        "block_rows_scored": 104
      },
      "logit_comparison_vs_baseline": {
        "max_abs_err": 0.09997452795505524,
        "mean_abs_err": 0.026915743947029114,
        "cosine_similarity": 0.9631574749946594
      },
      "generated_match_vs_baseline": true
    }
  }
}