{
  "prompt_ids": [
    3,
    5,
    8,
    13,
    21,
    34,
    55,
    1,
    2,
    4,
    6,
    7,
    9,
    11,
    15,
    18,
    20,
    22,
    24,
    26,
    28,
    30,
    32,
    36,
    40,
    44,
    48,
    52,
    56,
    60,
    12,
    14,
    16,
    17,
    19,
    23,
    25,
    27,
    29,
    31,
    33,
    35,
    37,
    38,
    39,
    41,
    42,
    43
  ],
  "max_new_tokens": 4,
  "kv_quant_seed": 7,
  "baseline_variant": "fp32",
  "variants": {
    "fp32": {
      "kv_cache_precision": "fp32",
      "kv_key_precision": null,
      "kv_value_precision": null,
      "kv_rotation_mode": "qr",
      "kv_hot_window": 4,
      "kv_calibration_tokens": 128,
      "prompt_perplexity": 64.8363124305986,
      "total_time_s": 9.272642299998552,
      "avg_step_ms": 178.1103557676453,
      "kv_cache_bytes": 53248,
      "generated_ids": [
        3,
        5,
        8,
        13,
        21,
        34,
        55,
        1,
        2,
        4,
        6,
        7,
        9,
        11,
        15,
        18,
        20,
        22,
        24,
        26,
        28,
        30,
        32,
        36,
        40,
        44,
        48,
        52,
        56,
        60,
        12,
        14,
        16,
        17,
        19,
        23,
        25,
        27,
        29,
        31,
        33,
        35,
        37,
        38,
        39,
        41,
        42,
        43,
        42,
        42,
        42,
        42
      ],
      "cache_lengths": [
        52,
        52,
        52,
        52
      ],
      "kv_layer_modes": null,
      "kv_kurtosis_profile": null,
      "logit_comparison_vs_baseline": null,
      "generated_match_vs_baseline": true
    },
    "turbo-int8-qr": {
      "kv_cache_precision": "turbo-int8",
      "kv_key_precision": null,
      "kv_value_precision": null,
      "kv_rotation_mode": "qr",
      "kv_hot_window": 4,
      "kv_calibration_tokens": 128,
      "prompt_perplexity": 64.83566713695728,
      "total_time_s": 8.24468020000495,
      "avg_step_ms": 158.36210384888824,
      "kv_cache_bytes": 19456,
      "generated_ids": [
        3,
        5,
        8,
        13,
        21,
        34,
        55,
        1,
        2,
        4,
        6,
        7,
        9,
        11,
        15,
        18,
        20,
        22,
        24,
        26,
        28,
        30,
        32,
        36,
        40,
        44,
        48,
        52,
        56,
        60,
        12,
        14,
        16,
        17,
        19,
        23,
        25,
        27,
        29,
        31,
        33,
        35,
        37,
        38,
        39,
        41,
        42,
        43,
        42,
        42,
        42,
        42
      ],
      "cache_lengths": [
        52,
        52,
        52,
        52
      ],
      "kv_layer_modes": null,
      "kv_kurtosis_profile": null,
      "logit_comparison_vs_baseline": {
        "max_abs_err": 0.00011217594146728516,
        "mean_abs_err": 3.729236777871847e-05,
        "cosine_similarity": 1.0
      },
      "generated_match_vs_baseline": true
    },
    "turbo-int8-hadamard": {
      "kv_cache_precision": "turbo-int8",
      "kv_key_precision": null,
      "kv_value_precision": null,
      "kv_rotation_mode": "hadamard",
      "kv_hot_window": 4,
      "kv_calibration_tokens": 128,
      "prompt_perplexity": 64.83591611034846,
      "total_time_s": 8.362201699987054,
      "avg_step_ms": 160.64021153971015,
      "kv_cache_bytes": 19456,
      "generated_ids": [
        3,
        5,
        8,
        13,
        21,
        34,
        55,
        1,
        2,
        4,
        6,
        7,
        9,
        11,
        15,
        18,
        20,
        22,
        24,
        26,
        28,
        30,
        32,
        36,
        40,
        44,
        48,
        52,
        56,
        60,
        12,
        14,
        16,
        17,
        19,
        23,
        25,
        27,
        29,
        31,
        33,
        35,
        37,
        38,
        39,
        41,
        42,
        43,
        42,
        42,
        42,
        42
      ],
      "cache_lengths": [
        52,
        52,
        52,
        52
      ],
      "kv_layer_modes": null,
      "kv_kurtosis_profile": null,
      "logit_comparison_vs_baseline": {
        "max_abs_err": 7.911026477813721e-05,
        "mean_abs_err": 2.6334106223657727e-05,
        "cosine_similarity": 1.0
      },
      "generated_match_vs_baseline": true
    },
    "turbo-4bit": {
      "kv_cache_precision": "turbo-4bit",
      "kv_key_precision": null,
      "kv_value_precision": null,
      "kv_rotation_mode": "hadamard",
      "kv_hot_window": 4,
      "kv_calibration_tokens": 128,
      "prompt_perplexity": 64.89958039747944,
      "total_time_s": 9.038448599982075,
      "avg_step_ms": 173.65817307682636,
      "kv_cache_bytes": 13312,
      "generated_ids": [
        3,
        5,
        8,
        13,
        21,
        34,
        55,
        1,
        2,
        4,
        6,
        7,
        9,
        11,
        15,
        18,
        20,
        22,
        24,
        26,
        28,
        30,
        32,
        36,
        40,
        44,
        48,
        52,
        56,
        60,
        12,
        14,
        16,
        17,
        19,
        23,
        25,
        27,
        29,
        31,
        33,
        35,
        37,
        38,
        39,
        41,
        42,
        43,
        42,
        42,
        42,
        42
      ],
      "cache_lengths": [
        52,
        52,
        52,
        52
      ],
      "kv_layer_modes": null,
      "kv_kurtosis_profile": null,
      "logit_comparison_vs_baseline": {
        "max_abs_err": 0.046743765473365784,
        "mean_abs_err": 0.016061563044786453,
        "cosine_similarity": 0.9895952939987183
      },
      "generated_match_vs_baseline": true
    },
    "adaptive": {
      "kv_cache_precision": "adaptive",
      "kv_key_precision": null,
      "kv_value_precision": null,
      "kv_rotation_mode": "hadamard",
      "kv_hot_window": 4,
      "kv_calibration_tokens": 32,
      "prompt_perplexity": 64.836426229226,
      "total_time_s": 8.990938800037839,
      "avg_step_ms": 172.74947308088974,
      "kv_cache_bytes": 19456,
      "generated_ids": [
        3,
        5,
        8,
        13,
        21,
        34,
        55,
        1,
        2,
        4,
        6,
        7,
        9,
        11,
        15,
        18,
        20,
        22,
        24,
        26,
        28,
        30,
        32,
        36,
        40,
        44,
        48,
        52,
        56,
        60,
        12,
        14,
        16,
        17,
        19,
        23,
        25,
        27,
        29,
        31,
        33,
        35,
        37,
        38,
        39,
        41,
        42,
        43,
        42,
        42,
        42,
        42
      ],
      "cache_lengths": [
        52,
        52,
        52,
        52
      ],
      "kv_layer_modes": [
        "turbo-int8",
        "turbo-int8",
        "turbo-int8",
        "turbo-int8"
      ],
      "kv_kurtosis_profile": [
        {
          "layer_index": 0,
          "k_kurtosis": 3.0417864660704077,
          "v_kurtosis": 2.7475828759776157,
          "selected_mode": "turbo-int8"
        },
        {
          "layer_index": 1,
          "k_kurtosis": 3.2978175818353654,
          "v_kurtosis": 2.838822234215265,
          "selected_mode": "turbo-int8"
        },
        {
          "layer_index": 2,
          "k_kurtosis": 3.6337167998351703,
          "v_kurtosis": 2.8005109635949723,
          "selected_mode": "turbo-int8"
        },
        {
          "layer_index": 3,
          "k_kurtosis": 2.94067493529657,
          "v_kurtosis": 3.3538799822307275,
          "selected_mode": "turbo-int8"
        }
      ],