{
  "prompt_ids": [
    3,
    5,
    8,
    13,
    21,
    34,
    55,
    1,
    2,
    4,
    6,
    7,
    9,
    11,
    15,
    18
  ],
  "max_new_tokens": 8,
  "kv_quant_seed": 7,
  "baseline_variant": "fp32",
  "variants": {
    "fp32": {
      "kv_cache_precision": "fp32",
      "kv_rotation_mode": "qr",
      "kv_hot_window": 4,
      "prompt_perplexity": 69.00844998659261,
      "total_time_s": 1.959672299970407,
      "avg_step_ms": 81.43318750808248,
      "kv_cache_bytes": 12288,
      "generated_ids": [
        3,
        5,
        8,
        13,
        21,
        34,
        55,
        1,
        2,
        4,
        6,
        7,
        9,
        11,
        15,
        18,
        18,
        18,
        18,
        18,
        18,
        18,
        18,
        18
      ],
      "cache_lengths": [
        24,
        24
      ],
      "logit_comparison_vs_baseline": null,
      "generated_match_vs_baseline": true
    },
    "turbo-int8-qr": {
      "kv_cache_precision": "turbo-int8",
      "kv_rotation_mode": "qr",
      "kv_hot_window": 4,
      "prompt_perplexity": 69.00867813380249,
      "total_time_s": 2.1005651999730617,
      "avg_step_ms": 87.36735416459851,
      "kv_cache_bytes": 5248,
      "generated_ids": [
        3,
        5,
        8,
        13,
        21,
        34,
        55,
        1,
        2,
        4,
        6,
        7,
        9,
        11,
        15,
        18,
        18,
        18,
        18,
        18,
        18,
        18,
        18,
        18
      ],
      "cache_lengths": [
        24,
        24
      ],
      "logit_comparison_vs_baseline": {
        "max_abs_err": 9.093433618545532e-05,
        "mean_abs_err": 2.9928036383353174e-05,
        "cosine_similarity": 0.9999998807907104
      },
      "generated_match_vs_baseline": true
    },
    "turbo-int8-hadamard": {
      "kv_cache_precision": "turbo-int8",
      "kv_rotation_mode": "hadamard",
      "kv_hot_window": 4,
      "prompt_perplexity": 69.00875491428316,
      "total_time_s": 2.0296548000187613,
      "avg_step_ms": 84.41614167046889,
      "kv_cache_bytes": 5248,
      "generated_ids": [
        3,
        5,
        8,
        13,
        21,
        34,
        55,
        1,
        2,
        4,
        6,
        7,
        9,
        11,
        15,
        18,
        18,
        18,
        18,
        18,
        18,
        18,
        18,
        18
      ],
      "cache_lengths": [
        24,
        24
      ],
      "logit_comparison_vs_baseline": {
        "max_abs_err": 7.05355778336525e-05,
        "mean_abs_err": 2.2321633878163993e-05,
        "cosine_similarity": 1.0
      },
      "generated_match_vs_baseline": true
    },
    "turbo-4bit": {
      "kv_cache_precision": "turbo-4bit",
      "kv_rotation_mode": "hadamard",
      "kv_hot_window": 4,
      "prompt_perplexity": 68.98092210455482,
      "total_time_s": 2.1521097000222653,
      "avg_step_ms": 89.52100417081965,
      "kv_cache_bytes": 3968,
      "generated_ids": [
        3,
        5,
        8,
        13,
        21,
        34,
        55,
        1,
        2,
        4,
        6,
        7,
        9,
        11,
        15,
        18,
        18,
        18,
        18,
        18,
        18,
        18,
        18,
        18
      ],
      "cache_lengths": [
        24,
        24
      ],
      "logit_comparison_vs_baseline": {
        "max_abs_err": 0.008952587842941284,
        "mean_abs_err": 0.0030830830801278353,
        "cosine_similarity": 0.9996408820152283
      },
      "generated_match_vs_baseline": true
    },
    "turbo-qjl": {
      "kv_cache_precision": "turbo-qjl",
      "kv_rotation_mode": "hadamard",
      "kv_hot_window": 4,
      "prompt_perplexity": 68.98085193356788,
      "total_time_s": 2.125579299987294,
      "avg_step_ms": 88.42052082521452,
      "kv_cache_bytes": 4928,
      "generated_ids": [
        3,
        5,
        8,
        13,
        21,
        34,
        55,
        1,
        2,
        4,
        6,
        7,
        9,
        11,
        15,
        18,
        18,
        18,
        18,
        18,
        18,
        18,
        18,
        18
      ],
      "cache_lengths": [
        24,
        24
      ],
      "logit_comparison_vs_baseline": {
        "max_abs_err": 0.0089491605758667,
        "mean_abs_err": 0.0030822090338915586,
        "cosine_similarity": 0.9996411800384521
      },
      "generated_match_vs_baseline": true
    },
    "turbo-int8-topk4": {
      "kv_cache_precision": "turbo-int8",
      "kv_rotation_mode": "hadamard",
      "kv_hot_window": 4,
      "prompt_perplexity": 69.28754283064463,
      "total_time_s": 2.2637965999892913,
      "avg_step_ms": 94.15522500542768,
      "kv_cache_bytes": 5248,
      "generated_ids": [
        3,
        5,
        8,
        13,
        21,
        34,
        55,
        1,
        2,
        4,
        6,
        7,
        9,
        11,
        15,
        18,
        18,
        18,
        18,
        18,
        18,
        18,
        18,
        18
      ],
      "cache_lengths": [
        24,
        24
      ],
      "logit_comparison_vs_baseline": {
        "max_abs_err": 0.04168926551938057,
        "mean_abs_err": 0.014749687165021896,
        "cosine_similarity": 0.9922387599945068
      },
      "generated_match_vs_baseline": true
    },
    "turbo-4bit-topk4": {
      "kv_cache_precision": "turbo-4bit",
      "kv_rotation_mode": "hadamard",
      "kv_hot_window": 4,
      "prompt_perplexity": 69.30853009935817,
      "total_time_s": 2.265917599957902,
      "avg_step_ms": 93.43391667304483,
      "kv_cache_bytes": 3968,
      "generated_ids": [
        3,
        5,
        8,
        13,
        21,
        34,
        55,
        1,
        2,
        4,
        6,
        7,
        9,
        11,
        15,
        18,
        18,
        18,
        18,
        18,
        18,
        18,
        18,
        18
      ],
      "cache_lengths": [
        24,
        24
      ],
      "logit_comparison_vs_baseline": {
        "max_abs_err": 0.04234582558274269,
        "mean_abs_err": 0.015026453882455826,
        "cosine_similarity": 0.9919017553329468
      },
      "generated_match_vs_baseline": true
    },
    "turbo-qjl-topk4": {
      "kv_cache_precision": "turbo-qjl",
      "kv_rotation_mode": "hadamard",
      "kv_hot_window": 4,
      "prompt_perplexity": 69.32528350079129,
      "total_time_s": 2.270203499996569,
      "avg_step_ms": 94.43835417429607,
      "kv_cache_bytes": 4928,
      "generated_ids": [
        3,
        5,
        8,
        13,
        21,
        34,
        55,
        1,
        2,
        4,
        6,
        7,
        9,
        11,
        15,
        18,
        18,
        18,
        18,
        18,
        18,
        18,
        18,
        18
      ],
      "cache_lengths": [
        24,
        24
      ],
      "logit_comparison_vs_baseline": {
        "max_abs_err": 0.04233701154589653,
        "mean_abs_err": 0.015027303248643875,
        "cosine_similarity": 0.9919047355651855
      },
      "generated_match_vs_baseline": true
    }
  }
}